,name,birth_date,age,children,employment,id,city,email,password,Signed_Up
0,Andrea Rush,1968-06-28,54,3,1,341041,Rishon_LeTsiyon,shannongrant@smith.com,NI!$$2Ih+9,1
1,Dana Ingram,1975-01-06,47,2,1,250284,Tel_Aviv_Yaffo,ryan04@hotmail.com,f^0rWSIf9(,1
2,Anna Schultz,1997-06-09,25,1,1,210419,Rishon_LeTsiyon,michelletrujillo@gmail.com,*0eHBpAHOh,1
3,Dustin Bush,1975-04-30,47,2,0,372946,Petah_Tikva,fdean@gmail.com,ZvF4OYw1B^,1
4,Sharon Williams,1977-05-15,45,3,1,338418,Tel_Aviv_Yaffo,suebaxter@yahoo.com,q7KO40Nj^r,1
5,Joanne Wilson,1977-04-30,45,3,1,343072,Tel_Aviv_Yaffo,bennettcourtney@barrett.biz,%AY0Et#+6h,1
6,Greg Willis,1992-04-07,30,1,1,354553,Ramat_HaSharon,robertkelly@henderson.info,z*$x2EJhos,1
7,Troy Walters,1963-12-25,59,3,1,228909,Tel_Aviv_Yaffo,zsavage@yahoo.com,_0TvpoOQdJ,1
8,Savannah Tran,1989-05-16,33,2,1,434509,Ramat_Gan,paulyoung@barnett.com,y&3CYna3p$,1
9,Valerie Nash,1981-09-06,41,2,1,434967,Tel_Aviv_Yaffo,mary44@gmail.com,_K^6HUt@At,1
10,Robin Dean,1976-05-20,46,2,1,381770,Rishon_LeTsiyon,scoleman@hall.com,wo5M+vp^D@,1
11,Monica Martin,1966-11-21,56,2,0,264230,Ramat_Gan,amy06@kim.net,6KDw6GhT&Q,1
12,Scott Wagner,1966-10-20,56,3,1,333606,Petah_Tikva,patrickhayley@gmail.com,qO0sNq)L8&,1
13,Tony Becker,1998-05-29,24,0,1,255407,Tel_Aviv_Yaffo,weavermario@gmail.com,$N(Mfsmk1b,1
14,Michael Poole,1996-03-28,26,0,1,456014,Tel_Aviv_Yaffo,katie23@adams.com,!Y!1JFCtWs,1
15,Charles Adams,1965-01-04,57,2,1,269989,Tel_Aviv_Yaffo,danielleponce@ray.com,8s4hNlIx*W,1
16,Julie Aguilar,1977-10-24,45,2,1,406637,Tel_Aviv_Yaffo,briansmith@hayes-daniel.biz,)4YaF)vQKn,1
17,Eddie Contreras,1971-10-05,51,2,1,217221,Herzliya,karla65@buchanan-carpenter.info,(w4mTv4l^Q,0
18,Lisa Steele,1999-08-11,23,0,1,218414,Tel_Aviv_Yaffo,jennifer38@hamilton-mercado.info,^JqjvFQa+0,1
19,Robert Stanley,1981-12-25,41,0,1,279899,Ramat_Gan,eugenejones@yahoo.com,+6BBE*B6+e,1
20,Marissa Lopez,1960-12-29,62,3,1,466008,Ramat_Gan,carlsonvirginia@yahoo.com,VM0+g1KtYR,1
21,Erik James,1990-09-28,32,2,1,211900,Rishon_LeTsiyon,stephengriffin@yahoo.com,Q(0UlZffQ$,1
22,Kevin Adams,1961-12-10,61,3,1,437706,Herzliya,imartinez@hotmail.com,#p*!2Ondrt,1
23,Rebecca Mcgee,1978-02-13,44,1,1,359228,Tel_Aviv_Yaffo,jenniferbarnes@hotmail.com,QtmrUp5!_2,1
24,Ryan Murray,1969-11-29,53,2,1,299821,Rishon_LeTsiyon,snydervincent@yahoo.com,I5tYQbHd#2,1
25,Rachel Castaneda,1992-06-03,30,1,1,214061,Ramat_Gan,brett22@wagner-perez.com,vm2#sWqoh$,1
26,Travis Simon,1986-09-05,36,5,1,464016,Petah_Tikva,drojas@robinson-wolfe.net,%YYNd4Hgcf,1
27,Autumn Henderson,1986-04-16,36,1,0,219301,Ramat_Gan,davidhahn@harris.org,^fwQ^Ub!9c,1
28,William Gutierrez,1983-04-07,39,1,1,221576,Ramat_HaSharon,jasmine21@hotmail.com,+0G5ms^aRV,1
29,Barbara Cooper,1999-11-22,23,0,1,408490,Ramat_Gan,omaryang@yahoo.com,(24(TFtEr_,1
30,Jacob Johnston,1999-01-11,23,0,1,332231,Tel_Aviv_Yaffo,margaretanthony@yahoo.com,$Zx$0ClvX*,1
31,Kathy Barnes,1980-02-09,42,4,1,469972,Tel_Aviv_Yaffo,mbarnes@clark-baxter.com,4z#5PsVh5e,1
32,Marie Powell,1985-12-05,37,3,1,385544,Petah_Tikva,patricia60@smith.com,dnrC&1NdPU,1
33,Timothy Beasley,1985-04-04,37,3,1,258364,Petah_Tikva,taramiller@hotmail.com,d1KCmEzt%8,1
34,Mariah Martinez,1972-12-16,50,4,1,461634,Petah_Tikva,rthomas@gmail.com,0!89JXxazy,1
35,Janet Sullivan,1984-11-28,38,3,1,382274,Petah_Tikva,elizabeth74@kerr.com,0MbAnzXC(8,1
36,Michelle Lewis,1992-01-03,30,3,1,256877,Petah_Tikva,stephengill@hernandez-torres.net,&a9V6B@y2!,1
37,Raymond Smith,1986-03-28,36,2,1,227677,Petah_Tikva,vwilliams@carroll.biz,rKYDd9*Y#8,1
38,James Schwartz,1991-02-18,31,3,1,292780,Petah_Tikva,ewilliams@richardson.com,4)wU3$I5np,1
39,Paul Vaughan,1967-07-21,55,1,1,436857,Petah_Tikva,pwalton@gmail.com,!9Ppeip(uk,1
40,Kyle Drake,1979-06-02,43,3,1,249004,Ramat_Gan,danielanderson@yahoo.com,&Cuy9LbPN8,1
41,Patrick Jones,1985-01-19,37,2,1,443598,Petah_Tikva,guzmankristi@hudson-hammond.com,!F4ZhV+nH!,1
42,Susan Adams,1989-03-03,33,2,1,335521,Tel_Aviv_Yaffo,whiteantonio@yahoo.com,T#67W#jh+M,1
43,Chase Coleman,1968-03-05,54,1,1,465544,Petah_Tikva,gloverteresa@gmail.com,p6+)O0To&d,1
44,Helen Austin,1969-12-31,53,2,1,382964,Tel_Aviv_Yaffo,morrismatthew@miller-oconnor.com,#4XeQ&khZh,1
45,Angela Riley,1993-03-16,29,2,1,303832,Tel_Aviv_Yaffo,garydawson@thompson.com,_W%b87Me)h,1
46,Robert Howard,1997-06-19,25,0,1,443839,Petah_Tikva,khawkins@bailey.com,%GY!qvlxU8,1
47,Amy Lucas,1993-07-06,29,2,1,336471,Tel_Aviv_Yaffo,dcharles@collins.com,&QTNTMAd_0,1
48,Elijah Clark,1982-08-11,40,2,1,313411,Tel_Aviv_Yaffo,james83@glover-cox.net,5^3SFt9wQH,1
49,Susan Nielsen MD,1974-09-15,48,2,1,310214,Tel_Aviv_Yaffo,tyler24@yahoo.com,t1hqYgoS_2,1
50,Sean George,1979-07-10,43,1,1,264157,Tel_Aviv_Yaffo,aaron17@austin.com,9kw3Vfp+2@,1
51,Jane Diaz,1964-04-09,58,4,1,228968,Petah_Tikva,brian38@yahoo.com,Tk7QTUUo$P,1
52,Christian Bowen,1975-10-15,47,1,1,268143,Tel_Aviv_Yaffo,tara76@yahoo.com,(Fz7FN@s0t,1
53,Miss Jessica Ho,1994-11-11,28,3,1,420601,Herzliya,elizabethodonnell@bennett.info,pe7(8QzYbb,1
54,Troy Bennett,1967-09-19,55,1,1,404429,Petah_Tikva,heathmelissa@gmail.com,9gpLmrXG^!,1
55,Melinda Lopez,1994-04-23,28,2,1,410282,Rishon_LeTsiyon,austinjames@gmail.com,cKSFnu#n*6,1
56,Thomas Jones Jr.,1960-06-24,62,3,1,272163,Tel_Aviv_Yaffo,david70@hotmail.com,5&x5Po_3dP,1
57,Caleb Perez,1988-07-17,34,1,0,311789,Ramat_Gan,lisavaughn@chambers.biz,h5L8fqrF+x,1
58,Ana Rodriguez,1997-05-28,25,0,1,267547,Ramat_Gan,hstevenson@yahoo.com,)4j2DwNVsf,1
59,Charles Simmons,1976-09-03,46,1,1,299745,Petah_Tikva,adkinspaula@hotmail.com,*0^Y%IvdpV,1
60,Sarah Dixon,1974-08-11,48,1,1,218950,Tel_Aviv_Yaffo,stephaniecunningham@rivera.com,*03uOpzm+$,1
61,Jean Santiago,1964-11-05,58,2,1,343216,Rishon_LeTsiyon,sanchezcody@black-wallace.net,l&@6ETAsXO,1
62,Jacqueline Johnson,1972-05-26,50,2,1,254018,Tel_Aviv_Yaffo,lauren08@armstrong.com,((SZ2EhM)&,1
63,Kathleen Sweeney,1971-09-13,51,1,1,261245,Tel_Aviv_Yaffo,johnrobinson@hotmail.com,gDElc6*x&1,1
64,Julie Gray,1969-04-05,53,3,1,397032,Tel_Aviv_Yaffo,chamberskelsey@gmail.com,_CgAdfL0#1,1
65,Vincent Smith,1997-09-09,25,0,1,416462,Tel_Aviv_Yaffo,georgevincent@smith-smith.biz,)mogz+Ll#0,1
66,Jennifer Hawkins,1989-06-19,33,1,1,461917,Tel_Aviv_Yaffo,zsalinas@gmail.com,(1lXxIdc80,1
67,Tasha Johnson,1979-10-01,43,2,1,221733,Petah_Tikva,allenthomas@gmail.com,V8%#C2Jy!f,1
68,Joshua Coleman,1981-08-15,41,2,1,385227,Tel_Aviv_Yaffo,freemanelizabeth@yahoo.com,9de0nDM+P&,1
69,Scott Dudley,1992-03-19,30,3,1,359765,Petah_Tikva,alexisbaker@salinas-davis.org,%ut!L#wm#4,1
70,Elizabeth Joyce,1973-11-12,49,3,0,394598,Petah_Tikva,cortezjordan@yahoo.com,xppHc_8O#4,1
71,Tina Rivera,1969-04-27,53,2,1,337856,Tel_Aviv_Yaffo,kellypatricia@gmail.com,#Cx73bXe40,1
72,Monica Sims,1982-11-02,40,1,1,291869,Tel_Aviv_Yaffo,ronald17@smith-stevenson.info,VyG6fOkO)A,1
73,Daryl Brewer,1965-01-30,57,1,1,367672,Petah_Tikva,jennifer43@hotmail.com,A0UhrHbr#t,1
74,Melissa Smith,1990-03-25,32,1,1,306495,Tel_Aviv_Yaffo,sara16@yahoo.com,_WWXacGqa4,1
75,Jonathon Estrada,1964-04-20,58,2,1,394861,Tel_Aviv_Yaffo,eric43@yahoo.com,h^7TQyzWRJ,1
76,Brandon Payne,1974-06-07,48,0,1,263941,Tel_Aviv_Yaffo,gregorysullivan@archer-shaffer.net,*Ax2VMbYXx,1
77,Larry Jackson,1977-02-28,45,2,1,358812,Tel_Aviv_Yaffo,jwilson@hotmail.com,%#M67NyCZ&,1
78,Nancy Melton,1983-12-16,39,2,0,249303,Ramat_HaSharon,angela85@yahoo.com,KCFb3VGq0%,1
79,Kelly Martin,1983-04-28,39,4,1,407362,Tel_Aviv_Yaffo,dmolina@anderson.com,(#6%Jieo)v,1
80,Mariah Faulkner,1987-03-18,35,2,1,405479,Tel_Aviv_Yaffo,jason72@hotmail.com,SX9KyynU_k,1
81,Logan Reyes,1970-10-17,52,1,1,371084,Tel_Aviv_Yaffo,rachelmiles@hotmail.com,3ScWKsqg+#,1
82,Scott King,1975-06-04,47,2,1,229655,Ramat_HaSharon,kellystevens@hotmail.com,a_39SpdbkK,1
83,Michael Mcconnell,1993-07-12,29,2,1,435683,Tel_Aviv_Yaffo,flopez@hotmail.com,&964XALjnt,1
84,Krista Johnson,1988-08-20,34,3,1,248886,Tel_Aviv_Yaffo,lisaadkins@johnson.net,Z^2VlXO1ln,1
85,Michelle Diaz DDS,1973-03-04,49,4,1,267945,Ramat_HaSharon,nicole66@carlson-austin.org,1UT@Y2Cf%y,1
86,Katrina Cruz,1960-04-15,62,2,1,434896,Petah_Tikva,fwilliams@carey.com,VN1$@7tWc$,1
87,Kristy Higgins,1987-07-19,35,1,1,335194,Tel_Aviv_Yaffo,matthewlong@yahoo.com,uV6HlyKdp),1
88,Sally Nguyen,1987-02-01,35,2,1,261816,Tel_Aviv_Yaffo,smiller@rice.net,j+d4Sbdr&^,1
89,Diane Walsh,1969-04-29,53,2,1,349394,Rishon_LeTsiyon,nbarker@gmail.com,!AFovwVF!2,1
90,Mary Sherman,1966-01-22,56,1,1,431404,Petah_Tikva,joshuajohnson@williams-donovan.com,P348YswH^8,1
91,Charles Anderson,1970-10-12,52,1,1,329727,Petah_Tikva,rodneybrown@yahoo.com,!19Cj1ycB3,1
92,Jennifer Owen,1988-02-23,34,1,1,252777,Rishon_LeTsiyon,justinmatthews@harvey.com,G(!6Wj1b@B,1
93,Leslie Thomas,1979-10-24,43,1,0,294754,Petah_Tikva,philipmaxwell@bass-parker.info,kLp6TuMw&&,0
94,Kelly Crawford,1986-11-15,36,1,1,246795,Tel_Aviv_Yaffo,ujohnson@hotmail.com,M2rrLaDtW#,1
95,Christopher Clark,1983-06-12,39,2,1,335309,Rishon_LeTsiyon,paulawilliams@gmail.com,V5NaNxm*%r,1
96,Jeremy Thomas,1963-08-25,59,2,1,224193,Tel_Aviv_Yaffo,victoriadavis@freeman.net,$nIN)n)98A,1
97,Meagan Chambers,1972-09-18,50,2,1,332827,Ramat_Gan,garciakayla@richardson-williams.net,s2u2Z4ep@i,1
98,Robin Macias,1998-04-27,24,0,1,460922,Tel_Aviv_Yaffo,smithhoward@green.com,y82ERMh^_M,1
99,Steven Weiss,1964-01-12,58,1,1,295460,Rishon_LeTsiyon,richjessica@vega.org,qwxc6*FSJ$,1
100,John Hammond,1964-05-26,58,1,1,306712,Ramat_Gan,brenda69@yahoo.com,6x76BE!#_@,0
101,Mr. James Baxter,1983-12-14,39,2,0,265021,Tel_Aviv_Yaffo,jenniferlang@yahoo.com,_X5EO)knLj,1
102,Megan Scott,1986-02-07,36,3,1,453662,Petah_Tikva,jason47@wilson-hess.com,B)6OXhcoSd,1
103,Tony Weiss,1985-07-16,37,2,1,413854,Ramat_Gan,jerry30@yahoo.com,7)t19Z0fHC,1
104,Luke Haynes,1990-12-04,32,3,1,252385,Tel_Aviv_Yaffo,powelldavid@yahoo.com,_utL6oMv4_,1
105,Lindsey Martinez,1989-04-04,33,0,1,461970,Tel_Aviv_Yaffo,hermantroy@gmail.com,8R@6QqmK@x,1
106,Bonnie Alexander,1982-10-14,40,4,0,444509,Herzliya,woodsjoshua@hotmail.com,A)rIAo+u(8,1
107,Melody Simmons,1994-05-19,28,0,1,254822,Tel_Aviv_Yaffo,zthompson@yahoo.com,)JHmYjhjW0,1
108,Charlene Collins,1960-03-20,62,3,1,352127,Rishon_LeTsiyon,williamsjoel@simmons-johnson.biz,$8y4i&Esf9,0
109,Edward Rodriguez,1969-05-16,53,2,1,364763,Tel_Aviv_Yaffo,stanley80@hotmail.com,VW8JKfw4(V,1
110,Brian King,1985-02-10,37,2,1,217240,Tel_Aviv_Yaffo,allenpatricia@yahoo.com,iu84UpS5t(,1
111,Charles Hicks,1989-12-12,33,3,1,351776,Rishon_LeTsiyon,edwardsclaire@mcdonald.com,1g^1Pxqli5,1
112,Shannon Cooper,1960-04-14,62,1,1,443322,Petah_Tikva,timothy37@hotmail.com,@1aUwAo03k,1
113,Joseph Davis,1970-07-31,52,1,1,327078,Tel_Aviv_Yaffo,peter11@kaufman.com,$t0FpRHjKr,1
114,Amber Daniels,1976-06-05,46,2,0,293541,Petah_Tikva,joseph79@huff-pollard.com,S9tBT(Rf^z,1
115,Steven Castillo,1971-01-09,51,4,1,213817,Tel_Aviv_Yaffo,leviphillips@sims-vang.com,dNuDBiX_*8,1
116,Philip Mullins,1968-09-23,54,3,1,279329,Petah_Tikva,patrickmills@yahoo.com,@k8ixR$fAv,1
117,Austin Smith,1973-02-17,49,3,1,271829,Tel_Aviv_Yaffo,richard69@waters.com,@8fEhdo@5r,1
118,Carol Stevens,1963-11-17,59,1,1,257867,Tel_Aviv_Yaffo,aguilarwendy@yahoo.com,e@OiG9!5_4,1
119,Natalie Watson,1986-01-10,36,3,1,259435,Tel_Aviv_Yaffo,williamschaefer@hotmail.com,^3BHoNaIh$,1
120,Dylan Jones,1982-05-17,40,1,1,321140,Ramat_HaSharon,pdaniel@yahoo.com,%LLo6ASq1A,1
121,David Gonzalez,1964-01-31,58,2,1,221056,Tel_Aviv_Yaffo,mreyes@gmail.com,J&NBjs4zQW,1
122,Cole Schroeder,1963-01-18,59,1,0,254208,Ramat_Gan,mhall@hogan-gray.com,S9TUMOie%S,1
123,Denise Wiggins,1966-01-18,56,2,1,348697,Rishon_LeTsiyon,karenwilliams@wright.com,Au2Z1lnRa(,1
124,Maria Hansen,1986-07-30,36,1,1,227957,Tel_Aviv_Yaffo,nking@becker.com,u!Np8OCeZ2,1
125,Emily Richmond,1972-09-25,50,3,1,263986,Tel_Aviv_Yaffo,wscott@gmail.com,qL(1XnLe5A,1
126,Anthony Sharp,1994-01-28,28,2,1,342445,Rishon_LeTsiyon,ayoung@hotmail.com,l*b5XS$qgQ,1
127,James Webb,1978-07-04,44,1,1,458498,Rishon_LeTsiyon,nicole29@mills-hanson.biz,OT7DV3co*2,1
128,Mark Richardson MD,1969-09-04,53,2,1,245849,Petah_Tikva,thomasanderson@gmail.com,(9)LxAgt$1,1
129,James Crawford,1978-02-05,44,2,1,337640,Rishon_LeTsiyon,pettysusan@carter.com,L77&BO(sO!,1
130,Jonathan Wise,1980-10-18,42,1,1,305096,Tel_Aviv_Yaffo,vincentmejia@sanchez-perry.info,&YO9A(ynJs,1
131,Debra Fisher,1998-12-04,24,0,1,313666,Tel_Aviv_Yaffo,derek09@patterson.com,+J6&dgCewX,1
132,Brandon Cook,1967-10-01,55,2,1,343676,Petah_Tikva,jennifer13@hotmail.com,f(YL4OrvN*,1
133,Ashley Anderson,1971-10-07,51,2,1,285364,Rishon_LeTsiyon,xlowery@miller-stephenson.com,B0PDD4ox$i,1
134,Victoria Heath,1989-02-27,33,0,1,399150,Petah_Tikva,jamescarter@elliott-murphy.net,9ESSh0hc*2,1
135,Matthew Flores,1965-06-28,57,1,1,422287,Tel_Aviv_Yaffo,dprice@gmail.com,hI95FYp)!c,1
136,Justin Howell,1985-08-17,37,3,1,354921,Rishon_LeTsiyon,srichardson@yahoo.com,*2OBn6pfck,1
137,Joseph Chambers,1989-03-13,33,1,1,308366,Petah_Tikva,xbarnes@yahoo.com,N1kqT0pa!+,1
138,Lisa Torres,1999-12-29,23,0,1,459757,Tel_Aviv_Yaffo,kevindean@yahoo.com,MJF1twbY%1,1
139,Sandy Pena,1984-06-09,38,1,1,451745,Tel_Aviv_Yaffo,james37@harris.com,)Q2WN2mD_P,1
140,Nicole Hines,1993-06-03,29,1,1,254348,Tel_Aviv_Yaffo,christianhenry@reynolds.info,8EDd^i8R+d,1
141,Arthur Clark,1965-01-03,57,3,1,274299,Tel_Aviv_Yaffo,brianna30@crawford-hunter.com,M(r$6RK5Pz,1
142,Melissa Jensen,1982-04-15,40,2,0,304764,Tel_Aviv_Yaffo,crystalmayo@forbes.net,Sw7IKUqy0+,0
143,Elizabeth Nichols,1975-08-02,47,1,1,250981,Tel_Aviv_Yaffo,gina48@douglas.net,#r6giMHv3A,1
144,Tammy Wright,1998-01-07,24,0,1,278688,Tel_Aviv_Yaffo,emccullough@yahoo.com,!h*x6Wkh*H,1
145,Angel Myers,1986-05-29,36,2,1,439201,Ramat_Gan,veronicanichols@lawson.info,TnM#_le@%0,1
146,Darius Ramirez,1999-10-04,23,0,1,368363,Rishon_LeTsiyon,erin17@gutierrez.com,%AZ@ubPsI4,1
147,Jacob Rogers,1976-08-03,46,1,1,235272,Herzliya,mmendoza@gmail.com,kv5CApKB&3,1
148,Jessica Stark,1970-04-27,52,1,1,284928,Tel_Aviv_Yaffo,blackwellrobert@martinez.com,T&7HD@l+%f,0
149,Mary Caldwell,1972-12-19,50,2,1,293820,Petah_Tikva,mriley@mccoy.com,sdUF8os3&2,1
150,Jimmy Rich,1991-03-17,31,1,1,334073,Rishon_LeTsiyon,mark75@gmail.com,_(9DE4fF2h,1
151,Veronica Peterson,1984-10-20,38,2,1,291975,Rishon_LeTsiyon,emason@lewis-nixon.biz,HD!1Klr170,1
152,Stephanie Maldonado,1970-12-17,52,2,1,375535,Ramat_HaSharon,sharonmathews@roman.com,4%@Z3vgw)4,1
153,Donna Lucas,1962-09-23,60,2,1,384810,Tel_Aviv_Yaffo,robert95@hotmail.com,Y_0G85Tw3U,1
154,Jake Lewis,1973-01-12,49,2,1,317853,Tel_Aviv_Yaffo,jeffreysmith@calderon-adams.com,y@(fZ6Dx$x,1
155,Michael Alexander,1973-10-16,49,4,1,412698,Ramat_Gan,carlhall@turner.biz,6O7ME&l4)v,0
156,Thomas Mullins,1975-08-20,47,1,1,334729,Tel_Aviv_Yaffo,kimberlysmith@yahoo.com,_i%SE7+DK2,1
157,Sandra Arellano,1969-05-24,53,1,1,235822,Petah_Tikva,fmarshall@anderson.com,%$7CX(sZiu,1
158,James Byrd,1982-07-29,40,3,0,423765,Tel_Aviv_Yaffo,smithmegan@berry.com,KRGrgBdy*1,1
159,Andrew Becker,1967-02-22,55,1,1,361022,Ramat_Gan,woodwardvictoria@pruitt.com,&B5DqBYk0v,1
160,Tracy Wiley,1986-01-28,36,4,1,261253,Tel_Aviv_Yaffo,andrewestes@yahoo.com,1^01X5Qw4g,1
161,Richard Zimmerman,1997-01-10,25,0,0,309696,Rishon_LeTsiyon,matthewcoleman@mercado.info,T)o9XLckAM,1
162,Maureen Wagner,1964-03-13,58,2,1,374283,Petah_Tikva,browncynthia@gmail.com,h1FijeXT#0,1
163,Emma Duran,1980-03-14,42,2,1,343307,Tel_Aviv_Yaffo,rodriguezerin@hart.com,p@7J^wiCvX,0
164,Stephanie Johnson,1969-07-13,53,2,1,315952,Ramat_Gan,roger76@anderson.com,t@fKJ0M%_o,1
165,Amy Rojas,1969-01-24,53,1,1,331747,Rishon_LeTsiyon,rwolf@moore.biz,%01*nZzA)M,1
166,David Anderson,1971-11-15,51,2,1,435537,Tel_Aviv_Yaffo,toddbryant@strong.com,qw8TOYZt(I,1
167,Jesse Ruiz,1984-10-23,38,3,1,267222,Ramat_Gan,daniel40@yahoo.com,6!Y9MJixnW,1
168,Raymond Ford,1999-03-20,23,0,1,412577,Tel_Aviv_Yaffo,mhill@stewart.biz,^gIY$aL4h5,1
169,Tyler Hall PhD,1984-08-09,38,4,1,352882,Ramat_Gan,reedholly@huffman.net,+bDnPqlE52,1
170,Tyler Simpson,1983-02-13,39,3,1,379570,Petah_Tikva,kimberly04@yahoo.com,+tO!I$bRW3,1
171,Brian Mitchell,1983-03-09,39,1,1,450469,Rishon_LeTsiyon,charles16@hotmail.com,qkBt7lSXz$,1
172,Austin Alvarez,1967-04-21,55,2,1,448712,Tel_Aviv_Yaffo,iallen@stanton.net,&3OJ8BJbJq,1
173,Noah Davis,1964-12-23,58,2,1,242862,Rishon_LeTsiyon,kmiller@valdez-grant.com,+ppY$Ntt#1,1
174,Robert Wong,1970-11-02,52,1,1,266554,Rishon_LeTsiyon,cynthiawagner@hotmail.com,%0QPC#nfb7,1
175,Jake Martinez,1990-06-15,32,2,1,288041,Ramat_HaSharon,steven61@snyder.com,b_@iu4SpUK,1
176,Zachary Chase,1968-07-12,54,2,1,263133,Tel_Aviv_Yaffo,gonzalezdaniel@yahoo.com,7bEHwQeD^n,1
177,Tracy Garcia,1972-07-26,50,2,1,407499,Tel_Aviv_Yaffo,dwayneeaton@rose.com,k$2)&Qh9hl,1
178,Stephanie Horton,1965-12-08,57,2,1,403221,Rishon_LeTsiyon,asilva@white.org,bPg72EQhs(,0
179,Ryan Johnson,1964-12-20,58,2,1,421503,Tel_Aviv_Yaffo,melissa11@monroe.com,%x_)DCpYf2,1
180,Logan Ortiz,1984-01-16,38,1,1,238297,Rishon_LeTsiyon,peterlopez@yahoo.com,T3LIBI@q^%,1
181,Wendy Nelson,1960-03-27,62,1,1,221676,Tel_Aviv_Yaffo,emily28@baker-ortiz.info,pP$NlrmW^6,1
182,David Mitchell,1972-09-27,50,1,1,261550,Rishon_LeTsiyon,dennis20@castro.biz,YtLbRXeR(5,1
183,Patricia Holloway,1990-02-13,32,3,1,260422,Ramat_Gan,jenniferfuller@hotmail.com,Wh_qf1Bf*s,0
184,Shannon Edwards,1991-08-03,31,3,1,316810,Rishon_LeTsiyon,zblair@walker.com,&wxqDy3%#0,1
185,Natasha Perez,1965-05-18,57,3,1,315153,Tel_Aviv_Yaffo,dwilson@phillips-turner.com,gy1Vi(G!+0,1
186,Kaylee Smith,1988-06-19,34,2,1,462728,Tel_Aviv_Yaffo,taylormelissa@hotmail.com,^AWgDGZvX3,1
187,Charles Powell,1997-12-28,25,0,1,271221,Rishon_LeTsiyon,jesus94@wilson.com,7(1JsjG$b$,1
188,Ashley Anderson,1991-05-30,31,3,1,350541,Tel_Aviv_Yaffo,davidkhan@stanley.net,5%0ncZoI4v,1
189,Eric Pierce,1980-09-11,42,3,1,295205,Tel_Aviv_Yaffo,msullivan@zhang.biz,_97cbU#dEu,1
190,Richard Casey,1964-05-06,58,2,1,395552,Tel_Aviv_Yaffo,afernandez@yahoo.com,%8aRuRv872,1
191,Sandra Bullock,1960-12-04,62,3,1,255109,Petah_Tikva,zandrade@kennedy-jones.org,eMUBdhi&)9,1
192,Steven Little,1978-01-03,44,2,1,235473,Rishon_LeTsiyon,mannaustin@yahoo.com,5gkJIKiW!Z,1
193,Tracy Briggs,1998-03-13,24,0,1,329497,Ramat_Gan,adammay@atkins-ward.com,IR3FwCle$*,1
194,Karina Williams,1973-12-23,49,1,1,443472,Ramat_HaSharon,sarah09@long.com,)rG7TcuMCw,1
195,Christopher Reid,1981-01-08,41,2,1,410313,Tel_Aviv_Yaffo,nancy57@yahoo.com,+7Kf^8tU7),1
196,Lacey Ramos,1994-04-29,28,1,1,465277,Rishon_LeTsiyon,pollardjenna@castaneda.info,il#9AU%rE1,1
197,Melissa Malone,1990-09-19,32,3,1,398654,Tel_Aviv_Yaffo,wayne37@page.info,2$y64@VcoR,1
198,Nicole Lewis,1974-03-14,48,1,1,320282,Tel_Aviv_Yaffo,grobinson@hotmail.com,%khj@4IaCf,1
199,Joseph Robinson,1976-03-29,46,1,1,372114,Rishon_LeTsiyon,rparks@hodges.net,Z4DiJbm^(I,1
200,Meghan Coleman,1995-05-10,27,0,0,308839,Tel_Aviv_Yaffo,frivas@baxter.com,40PO#a18$T,1
201,Philip York,1971-12-31,51,3,0,322705,Rishon_LeTsiyon,econtreras@hotmail.com,&+1E1H0c5%,1
202,Francisco Burns,1968-04-20,54,2,1,432497,Tel_Aviv_Yaffo,mary23@perez.com,(pPyibhH)8,1
203,Elizabeth Ritter,1997-03-27,25,0,1,212835,Ramat_Gan,barbarasmith@wall.com,()5BFKros^,1
204,Amber Calhoun,1962-12-24,60,4,1,351919,Tel_Aviv_Yaffo,jamiegilbert@yahoo.com,%4&V#wo5+J,1
205,Crystal Jones,1980-06-01,42,1,1,399855,Petah_Tikva,bjohnson@yahoo.com,+1+SnzTd(X,1
206,Mark Blair,1977-12-16,45,1,1,350504,Tel_Aviv_Yaffo,robertbryant@yahoo.com,jT6y9uDvr*,1
207,Annette Coffey,1964-08-09,58,3,1,457706,Rishon_LeTsiyon,bstewart@lane.com,8O8E8kPg@(,1
208,Michelle Perez,1963-03-08,59,1,1,451736,Tel_Aviv_Yaffo,curtismarco@hotmail.com,T*7RYsc1zw,0
209,Michael Nelson,1966-06-21,56,1,1,269988,Rishon_LeTsiyon,campbellkaylee@harris.com,_m3u#TtGC7,0
210,Alyssa Powers,1960-01-24,62,2,1,273823,Ramat_HaSharon,hcowan@hotmail.com,@5Oo(pxas&,1
211,Kayla Sherman,1995-10-13,27,0,1,327661,Tel_Aviv_Yaffo,lewislisa@green.net,%!PU&BnfU8,1
212,Larry Martin,1967-01-05,55,3,1,441697,Tel_Aviv_Yaffo,samantha06@bailey.com,5s_U*yY7_M,1
213,Jeffrey Murphy,1964-03-28,58,1,1,417903,Petah_Tikva,logan02@hotmail.com,K3ZZ(abO#F,1
214,Lee Coffey,1974-10-28,48,1,1,465763,Rishon_LeTsiyon,deborah48@yahoo.com,c6E_zBc2$^,1
215,Savannah Ramos,1986-04-28,36,3,1,228530,Tel_Aviv_Yaffo,lrobinson@yahoo.com,#&(8YFtmEV,1
216,Kristin Edwards,1981-11-14,41,3,1,328040,Rishon_LeTsiyon,philip52@hotmail.com,$37NEzkUFc,1
217,Henry Phillips,1980-09-20,42,2,1,360338,Tel_Aviv_Yaffo,dcarter@hotmail.com,5wWp2sME&+,1
218,Susan Carroll,1979-11-13,43,2,1,375010,Tel_Aviv_Yaffo,stanleymadeline@gmail.com,Ex4WWBtG$@,1
219,Mrs. Nicole Rodriguez,1976-09-02,46,1,1,230713,Tel_Aviv_Yaffo,sarahduncan@fuentes-maddox.biz,9#tSs6Gc!X,1
220,Ralph Myers,1994-01-17,28,1,1,338134,Ramat_Gan,waltertaylor@moss.info,#X#3qKMh@4,1
221,Alexandria Riley,1994-12-17,28,2,1,447559,Rishon_LeTsiyon,andrew14@hotmail.com,#9Z3PFoiV),1
222,Christopher Ward,1998-08-19,24,0,1,259568,Ramat_Gan,coryandrews@hotmail.com,GkV2TDNf@8,1
223,Julia Benson,1971-11-29,51,2,0,245803,Tel_Aviv_Yaffo,rogerschristopher@russell.com,P42C8G+l)+,1
224,Leonard Ellis,1966-11-17,56,2,1,319926,Tel_Aviv_Yaffo,sheppardshawn@rivers-carter.info,VHw3*@0rh#,1
225,Taylor Mclean,1966-02-10,56,2,1,217979,Tel_Aviv_Yaffo,kelseyyoung@lawrence.com,ck59dLg5&X,1
226,Steven Raymond,1972-06-15,50,3,1,324162,Tel_Aviv_Yaffo,jeffreyblake@yahoo.com,2R0!EfUH+w,1
227,Jacqueline Johnson,1986-07-02,36,2,0,431589,Tel_Aviv_Yaffo,david79@yu.com,Ds1heNXf!b,1
228,Albert Montgomery,1981-01-02,41,3,1,318286,Petah_Tikva,anthony51@hotmail.com,U3!hpGo6#!,0
229,Brenda Kelly,1982-12-07,40,2,0,364828,Ramat_Gan,jessica52@gmail.com,)lU#!@nQy2,1
230,Alison Sherman,1997-06-24,25,0,1,464324,Rishon_LeTsiyon,christophersingleton@yahoo.com,8%G4bhSw%1,1
231,Kyle Murphy,1975-06-05,47,2,1,320137,Tel_Aviv_Yaffo,edward72@gmail.com,_Hj_RJeb!1,1
232,Ashley Copeland,1977-01-11,45,2,1,307206,Ramat_Gan,masonmelinda@burton.com,_Us4LOda2p,1
233,Dr. April Fowler DDS,1970-05-07,52,1,1,276995,Ramat_Gan,kennethwood@gmail.com,Y#Y59jbz$0,1
234,Joseph George,1970-07-17,52,1,1,438891,Petah_Tikva,carpenterana@hotmail.com,8Qt!2NNc($,1
235,Kristen Deleon,1978-11-03,44,2,1,409107,Tel_Aviv_Yaffo,edwardspatrick@robinson.biz,7SLezZ74@2,1
236,Kathy Rhodes,1975-07-11,47,2,1,442007,Tel_Aviv_Yaffo,harmonmichael@hotmail.com,G#25Q_sqGN,1
237,Zachary Wilson,1971-11-23,51,1,1,234780,Petah_Tikva,sierramann@hartman.com,k8QjIQ_O!2,0
238,Elizabeth York,1990-11-22,32,2,0,392252,Petah_Tikva,uporter@burton-schaefer.biz,EF07ItSw*q,1
239,Albert Crosby,1998-08-18,24,0,1,465905,Tel_Aviv_Yaffo,rodriguezsteven@kim.com,D!_32WSk)H,1
240,Hayley Jones DDS,1989-07-31,33,2,1,445660,Tel_Aviv_Yaffo,lisa18@evans.org,g_1fnELtJW,1
241,Hannah Anderson,1969-05-10,53,1,1,329278,Ramat_Gan,mandrews@grant.org,+zPQGtBiu2,1
242,Amanda Jones,1964-01-16,58,3,1,448755,Petah_Tikva,jeremy18@collins-bright.com,CemIN5Ef&j,1
243,Ronald Reese,1993-08-12,29,1,0,293963,Tel_Aviv_Yaffo,matthewdavis@allison.com,)2uN8ZSi!O,0
244,Nicholas Cline,1984-04-09,38,2,1,293643,Rishon_LeTsiyon,karen14@gmail.com,_)l^8FK9Ff,1
245,Samuel Stuart,1989-02-01,33,2,1,298957,Tel_Aviv_Yaffo,diane12@johnson.com,gup^56Qq+X,1
246,Erin Thomas,1989-08-29,33,2,1,383810,Petah_Tikva,morganchristopher@woodward.com,K09%D1v1_j,1
247,Maria Diaz,1968-06-29,54,3,1,260263,Tel_Aviv_Yaffo,kathywhite@cook-lang.com,P1rI_7Mq7v,1
248,Megan Moss,1994-12-15,28,1,1,469273,Tel_Aviv_Yaffo,kmorgan@gmail.com,$3)^GOuxVu,1
249,Joshua Reyes,1992-07-17,30,3,1,227880,Tel_Aviv_Yaffo,jean38@gmail.com,sX3i1lWb*j,1
250,Sue Lindsey,1993-02-24,29,2,1,334063,Tel_Aviv_Yaffo,ygates@alvarez.info,H&$4OXaY_9,1
251,Brooke Peterson,1997-10-08,25,1,0,352228,Tel_Aviv_Yaffo,yalvarado@macdonald.net,k0x0D8rU$n,1
252,Caitlyn Reyes,1980-10-16,42,2,1,354075,Tel_Aviv_Yaffo,nataliemoore@gmail.com,R6Q2KTgs)@,1
253,Lori Jones,1976-05-23,46,1,1,326617,Petah_Tikva,rebeccarichardson@hotmail.com,%mX*st9s^7,1
254,Edward Baker,1999-02-15,23,1,0,397860,Petah_Tikva,pamela13@thomas.com,&44ARasipd,1
255,Barbara Brown,1992-02-01,30,1,1,432160,Ramat_Gan,joseph38@duncan.com,bI9TznUg*V,1
256,Joanna Blanchard,1965-09-19,57,1,0,316289,Tel_Aviv_Yaffo,devans@williams.com,oj_m9Gp+Y4,1
257,Gloria Diaz,1985-12-06,37,2,1,413657,Tel_Aviv_Yaffo,smithalejandro@yahoo.com,g@12lJlm#a,1
258,Matthew Vega,1989-11-24,33,1,1,369870,Tel_Aviv_Yaffo,bakervictoria@yahoo.com,1)v!FixC$0,1
259,James Armstrong,1984-10-13,38,1,1,356044,Ramat_Gan,stevensjean@gmail.com,OkO#WmvU^8,1
260,Christopher Peterson,1990-09-07,32,0,1,462142,Tel_Aviv_Yaffo,tking@hammond-odom.com,q4OE0tzg_1,1
261,Robert Barker,1992-05-20,30,1,1,282510,Rishon_LeTsiyon,lindsayparks@white-mcguire.biz,NDCVoyw&$1,1
262,Hunter Fritz,1965-03-28,57,1,1,251779,Rishon_LeTsiyon,mcdanieljoseph@roberts.net,$ct6@bJh@1,1
263,Matthew Hall,1968-07-29,54,1,1,253818,Petah_Tikva,zpark@gmail.com,_haUiEdnY3,1
264,Matthew Butler,1999-10-11,23,0,1,440376,Tel_Aviv_Yaffo,tchandler@yahoo.com,1(JCX7Ju0k,1
265,Michelle Cunningham,1962-03-13,60,2,0,456298,Tel_Aviv_Yaffo,fmontgomery@hotmail.com,h&8Jcd6p1G,0
266,Barbara Bernard,1966-07-11,56,3,0,317167,Petah_Tikva,seanhughes@gmail.com,hlAhD7rQ&2,1
267,James Tran,1972-01-05,50,3,1,331938,Tel_Aviv_Yaffo,jonathan89@yahoo.com,#YFoi03o3k,1
268,Brandi Ryan,1974-07-03,48,1,1,376245,Tel_Aviv_Yaffo,alanashley@yahoo.com,04LFPWq2@3,1
269,Kaitlyn Pruitt,1980-11-22,42,2,1,382096,Tel_Aviv_Yaffo,shawmary@hotmail.com,(0B7Ym%twZ,1
270,Thomas Richardson,1965-12-05,57,1,1,223167,Rishon_LeTsiyon,kmullen@yahoo.com,Uu^Zg@xs$2,1
271,Brian Jackson,1968-08-24,54,0,1,243621,Ramat_Gan,qyoung@manning.com,3b1l*&nf+L,1
272,Elizabeth Flores,1972-05-22,50,3,1,421944,Tel_Aviv_Yaffo,toddkristen@gmail.com,wFM1%tJr+s,1
273,Andrew Hatfield,1974-04-02,48,2,1,457392,Petah_Tikva,collinsdavid@hotmail.com,MsR1E!x$U),1
274,Brittney Woods,1965-12-24,57,3,1,226472,Ramat_Gan,johnsonfelicia@hodges.org,V5wKSRlu#t,1
275,Kathy Gallagher,1996-03-03,26,0,0,425527,Petah_Tikva,matthew82@hotmail.com,A^U4kZWfZk,1
276,Eric Barnes,1981-03-08,41,1,1,469700,Tel_Aviv_Yaffo,ramosandre@fitzgerald-mendez.info,P0UWBuGw#c,1
277,Jacob Carroll,1991-09-09,31,2,1,228045,Petah_Tikva,scottdavies@hotmail.com,*%$3MN%q5i,1
278,Amanda Moore,1994-03-08,28,1,1,275657,Ramat_Gan,fwilliams@hotmail.com,4OBH8mXk#z,1
279,Ryan Diaz,1961-05-15,61,2,1,344128,Petah_Tikva,christopher85@morales.com,$N13N*dlS3,1
280,Lauren Chapman,1993-02-24,29,3,0,450252,Tel_Aviv_Yaffo,meaganrobinson@fletcher-miller.net,%%6EM!uWXb,1
281,Jason Palmer,1980-10-29,42,2,1,294649,Tel_Aviv_Yaffo,ediaz@hotmail.com,!20JCyKz(9,1
282,Linda Martin,1997-07-31,25,0,1,324440,Petah_Tikva,ggonzalez@gmail.com,#41Rr+n+Au,1
283,Larry Stephens,1983-11-27,39,2,1,408232,Tel_Aviv_Yaffo,michael51@yahoo.com,W7ZMtuJe_J,1
284,Scott Martin,1991-03-05,31,1,1,239909,Tel_Aviv_Yaffo,dannyduarte@gmail.com,z$6rVuuWOS,1
285,Christopher Long,1973-02-17,49,3,1,226721,Rishon_LeTsiyon,floydjoel@yahoo.com,%rIUamRr(5,1
286,Angela Hardy,1961-07-30,61,1,1,326014,Tel_Aviv_Yaffo,browndeborah@yahoo.com,!XB%X3Vs8*,1
287,Jim Smith,1982-04-01,40,2,0,262025,Tel_Aviv_Yaffo,vanessaallen@hotmail.com,B_Tc6XrcQO,1
288,Bridget Carter,1990-05-15,32,3,1,459745,Tel_Aviv_Yaffo,ramirezmichael@le-mcdowell.com,h_O@1ZnnNm,1
289,Sandra Hays,1981-02-10,41,4,1,211493,Tel_Aviv_Yaffo,joseph15@delgado.com,mW5EvqMx(E,1
290,Kelly Ward,1978-01-21,44,1,1,309809,Ramat_Gan,melissasnyder@hotmail.com,%PVFagOz9j,1
291,John Phillips,1965-05-25,57,2,1,307898,Tel_Aviv_Yaffo,bharris@williams.org,xjPJ2YHd)Z,1
292,Jeremy Lee,1982-12-30,40,3,1,394045,Ramat_Gan,rosshuff@yahoo.com,t@t9!SeA^J,1
293,Dale Morton,1975-03-15,47,3,1,225161,Rishon_LeTsiyon,smithtimothy@jefferson-rodriguez.biz,X#thT1OuOo,0
294,Michael Greene,1982-02-25,40,2,1,420364,Tel_Aviv_Yaffo,erikaadams@hotmail.com,Oo6nSDu0z_,1
295,Justin Joseph,1996-10-21,26,0,0,433462,Rishon_LeTsiyon,xcollins@parker-garcia.com,%2^RhXxT_2,1
296,Haley Hughes,1999-03-15,23,0,1,409986,Ramat_Gan,jennifermartin@aguirre.com,!q1Uu39J15,1
297,Rebecca Stephens,1971-08-15,51,1,1,374538,Petah_Tikva,robinsonsonya@gmail.com,y_30PQ8kxy,1
298,Michael Krause,1996-11-07,26,0,1,210104,Tel_Aviv_Yaffo,dstein@mccormick-hendrix.com,p(1NVELbjo,1
299,Noah Farmer,1977-02-12,45,2,1,336844,Rishon_LeTsiyon,pamelagarcia@gomez.com,^f0KjMri$d,1
300,Elizabeth Vega,1980-12-30,42,1,0,319436,Petah_Tikva,ijohnson@reynolds.com,^z9TvTf(@_,1
301,Christopher Fitzpatrick,1962-06-27,60,1,1,392543,Rishon_LeTsiyon,smithdaniel@gmail.com,^4V%dvtih7,0
302,James Jones,1988-05-17,34,0,1,386255,Tel_Aviv_Yaffo,kyle32@hotmail.com,$%ZCaIfbT5,1
303,Travis Watson,1975-06-09,47,2,1,261333,Tel_Aviv_Yaffo,carrie58@gmail.com,r@61Mmab4O,1
304,Tracey Brock,1987-04-27,35,2,1,244412,Tel_Aviv_Yaffo,tammyroberts@miller.com,bX50Ed*N%(,1
305,Katie Collins,1975-01-13,47,2,1,262302,Petah_Tikva,rcooper@gmail.com,&%XX0Elk#1,1
306,Rebecca Thomas,1977-04-16,45,1,1,446537,Ramat_Gan,alyssa20@hotmail.com,$21SVn+yx^,1
307,Valerie Lang,1968-07-11,54,3,1,294074,Rishon_LeTsiyon,elizabeth13@watson.org,^mXEmBci5t,1
308,Dale Lee,1974-09-16,48,2,1,304458,Tel_Aviv_Yaffo,fhernandez@nichols.info,!tUt*5fX7y,1
309,Shelby Williams,1968-12-24,54,1,1,356046,Tel_Aviv_Yaffo,stephenjones@ramirez.net,k$6SOyKf$#,1
310,Chase Jacobson,1988-07-05,34,2,0,356649,Ramat_Gan,rlang@gmail.com,@3!9WhSd!W,1
311,Walter Jordan,1984-03-29,38,2,0,303205,Ramat_Gan,jcox@yahoo.com,$lKwAyel!2,1
312,Jack Rice,1968-05-26,54,1,1,403722,Tel_Aviv_Yaffo,oarellano@thomas.org,@e8!O4Zjh%,1
313,Amanda Morales,1967-10-28,55,4,1,222350,Tel_Aviv_Yaffo,william77@wilson.com,)6F_cvT!e1,1
314,Cindy Scott,1975-04-01,47,3,1,294628,Ramat_Gan,beverlyguzman@yahoo.com,%y4X_HKx!8,1
315,Melanie Logan,1999-06-02,23,1,1,393803,Tel_Aviv_Yaffo,cleach@hotmail.com,_97SQAH1!n,1
316,Nancy Olson,1996-06-02,26,0,0,390161,Tel_Aviv_Yaffo,hessbrianna@yahoo.com,)&)7JFs2+X,1
317,Brian Morrison,1989-07-03,33,0,1,396801,Tel_Aviv_Yaffo,fosterkaren@murphy.org,c8Wh&#Yj&I,1
318,Joshua Marshall,1982-06-22,40,1,1,340721,Tel_Aviv_Yaffo,wwolfe@gmail.com,8slsTIq&#y,1
319,Jose Fisher,1986-02-26,36,3,1,458635,Ramat_Gan,john83@garrison-may.biz,)n4Ffi&T+5,1
320,Felicia Everett,1975-12-09,47,1,1,217841,Rishon_LeTsiyon,racheladams@gmail.com,7XLZvTfc*2,0
321,Danielle Abbott,1985-05-19,37,1,1,304821,Rishon_LeTsiyon,sbaker@hotmail.com,$632AUKu%T,1
322,Tracey Patrick,1992-03-25,30,1,1,229379,Tel_Aviv_Yaffo,robert21@le.net,RC4IumR+_S,1
323,Tristan Brown,1987-11-24,35,2,0,368275,Tel_Aviv_Yaffo,carolyn68@winters.com,R7+Ax%n4&*,1
324,Kenneth Cisneros,1968-10-15,54,2,1,398664,Tel_Aviv_Yaffo,simpsonthomas@gmail.com,%1F9EZ*pbh,1
325,Craig Terry,1968-08-02,54,3,1,265856,Petah_Tikva,chasestevenson@hotmail.com,P$2b8Lfl9u,1
326,Melanie Avery,1989-06-14,33,2,1,341882,Tel_Aviv_Yaffo,james85@yahoo.com,&*XKuDV9#9,1
327,Melissa Payne,1981-08-13,41,3,1,238923,Rishon_LeTsiyon,goliver@hill-price.info,*87$IZog_A,1
328,Rose Jones,1996-08-05,26,1,1,219468,Rishon_LeTsiyon,steven85@fox.org,6kO0%NHu+l,1
329,Brandon Rojas,1996-03-23,26,0,1,372394,Petah_Tikva,qreynolds@campbell.com,C$@@+6UzDI,1
330,David Grant,1999-09-07,23,0,1,431565,Tel_Aviv_Yaffo,tnorton@yahoo.com,o1S3O#Obm$,1
331,Jeremy Johnson,1975-05-04,47,1,1,221741,Tel_Aviv_Yaffo,leslie41@hotmail.com,GccWPKvr(2,1
332,Michael Snyder,1975-04-30,47,4,1,297897,Ramat_Gan,bthornton@cruz.biz,i!32ChiyR4,1
333,Loretta Cervantes,1988-04-06,34,1,1,221061,Ramat_Gan,howellrichard@allen-lopez.com,5GKzY#ci!!,1
334,Kimberly Green DDS,1998-10-14,24,0,1,243365,Tel_Aviv_Yaffo,kristen30@yahoo.com,r7Rxpa_l%O,1
335,Alec Aguilar,1971-01-06,51,2,1,352021,Ramat_Gan,hpowell@morris.com,4aJNH6ev$H,1
336,Terry Brewer,1964-03-16,58,2,1,322666,Tel_Aviv_Yaffo,averyrichard@gmail.com,+2^CoQO&D1,1
337,Tracy Page,1971-04-18,51,2,1,295888,Ramat_Gan,hillmelissa@gmail.com,+2gUH*t$zm,1
338,April Williams,1996-12-30,26,0,1,239867,Petah_Tikva,zachary28@gmail.com,i4jPjJwn^S,1
339,Sean Williams,1994-02-18,28,2,1,406277,Tel_Aviv_Yaffo,nguyenkent@mcpherson.org,e61v_&Tt#J,1
340,Ashley Cordova,1967-05-05,55,4,1,247980,Tel_Aviv_Yaffo,anthonywilson@barnes.net,n+8BhD#Vwk,1
341,April Black,1977-08-17,45,2,1,214873,Rishon_LeTsiyon,vbrown@gomez.com,+2rRhqHipy,1
342,Mary Wang,1961-07-16,61,2,1,443082,Petah_Tikva,castillosteven@chapman-rodriguez.com,wYVJdW5h#5,1
343,Elizabeth Joseph,1973-02-26,49,1,1,342025,Herzliya,williamnelson@yahoo.com,!wYTo7zQ1s,1
344,Donna Padilla,1979-06-22,43,1,1,326712,Ramat_Gan,davisjason@gmail.com,(sGyKg$BL5,1
345,Benjamin Ramirez,1988-08-26,34,1,1,436456,Ramat_HaSharon,christina32@hotmail.com,6r2G#yqD#p,1
346,Jon Price PhD,1986-01-20,36,4,1,366405,Rishon_LeTsiyon,erica62@hotmail.com,h@8NwZdL%+,1
347,Alan Flores,1990-10-17,32,3,1,370448,Ramat_HaSharon,sierrabowman@rodriguez-downs.com,*xSI1Yu101,1
348,Harold Frey,1990-04-17,32,1,1,370984,Tel_Aviv_Yaffo,wilsonamy@meyer-miller.biz,(vbTi)lvH3,1
349,Crystal Rodriguez,1996-04-13,26,0,0,416084,Petah_Tikva,yhodge@gmail.com,T05xoYsCy@,1
350,Marcia Smith,1992-03-07,30,1,1,432510,Petah_Tikva,charlesyates@morris.com,c03XVoqJ(o,1
351,Brian Walker,1977-12-11,45,1,1,311978,Tel_Aviv_Yaffo,nhall@ramirez.net,529wGSzy*M,1
352,Jodi Moore,1986-02-04,36,2,1,297994,Tel_Aviv_Yaffo,millerdean@yahoo.com,ooJ9+QvZb$,1
353,Emily Roberts,1968-12-20,54,1,1,230572,Tel_Aviv_Yaffo,sullivanderrick@gmail.com,%@8GZZ%lh$,1
354,Charles Wilson,1992-09-27,30,2,1,296872,Tel_Aviv_Yaffo,dunnmark@yahoo.com,)nTvsrK17S,1
355,Nicole Hansen,1975-04-20,47,2,1,326386,Tel_Aviv_Yaffo,franciscowhite@george.com,lw0Lw4eqx!,0
356,Blake Aguilar,1963-02-11,59,2,1,402698,Petah_Tikva,morganlaura@yahoo.com,(9YTj)k)4m,1
357,Michael Wright,1966-11-19,56,2,0,351401,Petah_Tikva,aprilsalinas@schmidt.com,)VLkR0Hj7z,1
358,Stephanie Smith,1988-01-21,34,1,0,336289,Tel_Aviv_Yaffo,vincent67@gmail.com,)!wRtiSA02,1
359,Nancy Cohen,1974-05-20,48,3,1,261311,Tel_Aviv_Yaffo,eric53@medina-cortez.net,U19QG4j7@V,1
360,Samantha Wagner,1961-01-24,61,3,1,294265,Petah_Tikva,michael28@odonnell-herrera.net,$9sZpxQ&*0,1
361,Yvonne Nelson,1978-11-04,44,1,1,283562,Rishon_LeTsiyon,matthewbrown@yahoo.com,Rkm1#tVi@x,1
362,William Foster,1997-02-19,25,0,1,211340,Petah_Tikva,zsoto@hotmail.com,+^1Er%Iith,1
363,Maria Jackson,1976-07-14,46,1,1,286830,Tel_Aviv_Yaffo,patrickmcintyre@phillips-smith.biz,Do67xZk4l%,1
364,David Marquez,1995-04-16,27,0,1,441628,Ramat_Gan,christiangreen@hotmail.com,Df%mT1GqTV,1
365,Amy Walker,1980-04-05,42,2,1,308296,Tel_Aviv_Yaffo,richardjohnson@beck-fritz.com,#$Vakwq@R7,1
366,Maxwell Cox,1997-11-09,25,0,1,402497,Tel_Aviv_Yaffo,rhudson@yahoo.com,$*UT6I)ekl,1
367,Carlos Kramer,1994-12-06,28,2,0,260753,Ramat_Gan,nconner@hammond-brown.com,)6rIewD+Yx,1
368,Chris Cowan,1965-10-17,57,2,1,322431,Tel_Aviv_Yaffo,dixonpeter@hall.com,9lxy%Bi+@0,1
369,Ashley Velasquez,1961-05-05,61,2,1,267275,Rishon_LeTsiyon,wendyyoung@perry.net,AXaK_Sxt#7,1
370,Selena Delgado,1997-03-26,25,0,1,222048,Rishon_LeTsiyon,whitejennifer@yahoo.com,^*%ALZd4M3,1
371,Jean Knight,1989-05-26,33,1,1,243282,Petah_Tikva,porterjoan@green.com,^@9hW6TwHk,1
372,Amber Hunter,1999-06-16,23,0,1,231059,Tel_Aviv_Yaffo,martinjoseph@hotmail.com,Qxt6UNo@x_,1
373,Christopher Moyer,1995-07-22,27,0,1,237463,Petah_Tikva,rachel04@atkins-martinez.com,U4S5QBzb_N,1
374,Jacob Dudley,1972-06-25,50,1,1,429134,Tel_Aviv_Yaffo,sanchezdavid@hotmail.com,&YAVsxF9)4,1
375,Robert Fuller,1963-08-06,59,2,1,231896,Rishon_LeTsiyon,muellerbrian@welch.org,7*oWNEKj)5,1
376,Shawn Jones,1963-02-01,59,2,1,391688,Tel_Aviv_Yaffo,livingstonstephanie@wall-smith.biz,&fg#8jNq^E,1
377,Michael Andrews,1971-12-27,51,3,1,315765,Rishon_LeTsiyon,jasonkelly@pennington-carney.org,&DU0jQ)ro6,1
378,Rebecca Thomas,1964-05-02,58,2,1,427312,Rishon_LeTsiyon,ingramlauren@gilmore-wu.com,*P2ILq8(4),1
379,Shawn Kim,1978-09-01,44,2,1,355559,Tel_Aviv_Yaffo,jose62@hotmail.com,@1MUTPGj!T,1
380,Lisa Garrett,1962-01-31,60,2,0,284408,Rishon_LeTsiyon,garcianoah@yahoo.com,*Sx5#Oi@8b,1
381,Kristopher Perez,1993-12-28,29,1,1,469647,Rishon_LeTsiyon,hjones@hotmail.com,xlaNmRoB_6,1
382,Jason Bailey,1979-04-18,43,2,1,237813,Tel_Aviv_Yaffo,karen78@price.com,ElJT7(T2@5,1
383,Julie Day,1991-01-23,31,0,1,220678,Ramat_Gan,amyberry@hotmail.com,A#f0pMIz4I,1
384,Kathryn Armstrong,1960-09-24,62,3,1,370813,Rishon_LeTsiyon,kingjohnny@cline.com,u2gO+qft*d,1
385,Micheal Lester,1971-12-22,51,1,1,330174,Tel_Aviv_Yaffo,camachocarl@gmail.com,ZekgVESn#2,1
386,Sheri Leon,1964-12-31,58,2,1,321348,Ramat_Gan,ronniepearson@pruitt.com,pv03aNna9@,1
387,Chris Bryant,1964-03-02,58,0,0,248336,Ramat_HaSharon,grant85@mendez.biz,t5Znx(LX%x,1
388,Andrew Smith,1999-04-12,23,1,1,261772,Petah_Tikva,brittany95@yahoo.com,s_4()2RrIK,1
389,Chelsea White,1998-12-11,24,0,1,304075,Tel_Aviv_Yaffo,vwilliams@hotmail.com,QVZ9UmcV++,0
390,Jacqueline Massey,1966-05-19,56,1,1,328530,Rishon_LeTsiyon,christopher58@zamora-johnson.com,!OEWrvO34O,1
391,Theresa Deleon,1978-12-10,44,2,1,251135,Tel_Aviv_Yaffo,lisa70@hotmail.com,#m*F&Q(mr7,1
392,Mary Chang,1983-10-15,39,3,1,422697,Tel_Aviv_Yaffo,sandra66@wells-stewart.com,)KD6zX)eU2,1
393,Tiffany Perez,1990-03-02,32,1,1,268104,Rishon_LeTsiyon,todddeborah@marshall.com,h%5t0lb86C,1
394,David Ford,1966-03-01,56,2,1,218415,Ramat_Gan,henryjones@price-scott.info,$7b*9YfWeF,1
395,Drew Foster,1975-03-17,47,3,1,381025,Petah_Tikva,utownsend@khan.info,(^WV%5x_Z2,1
396,Jasmine Russell,1967-08-10,55,1,1,329112,Tel_Aviv_Yaffo,matthewbrown@yahoo.com,zFXj6tri)0,1
397,Nathan Stevenson,1967-08-16,55,1,0,340953,Rishon_LeTsiyon,bsmith@davis.com,Sj^sVmat(1,1
398,Eduardo Nelson,1961-05-08,61,3,1,419872,Tel_Aviv_Yaffo,cindy93@gmail.com,tlgU0Zgz*0,1
399,James Todd,1963-10-21,59,3,1,264996,Tel_Aviv_Yaffo,wendy22@gmail.com,@repr7Rv8d,1
400,Jason Griffith,1998-06-14,24,0,1,245717,Tel_Aviv_Yaffo,christy51@collins.com,*92)FSRe)X,1
401,Nicholas Mitchell,1962-08-26,60,3,1,333765,Tel_Aviv_Yaffo,greenejulie@brown.org,ocx17EhLb),1
402,Richard King,1987-12-05,35,2,0,403541,Ramat_Gan,heatherrivera@porter.com,+N5NoUPE9P,0
403,Allen Simmons,1969-11-11,53,3,1,456216,Petah_Tikva,joe85@fischer-lane.com,#53Azf@Hp*,1
404,Timothy Keith,1996-02-17,26,0,1,248778,Ramat_HaSharon,josegray@vasquez-stewart.com,&Te5Mqt1@#,1
405,April Adkins,1978-06-06,44,3,1,379815,Ramat_HaSharon,garciajeffrey@gmail.com,&7I3piF3s$,1
406,Kevin Morales,1980-03-07,42,2,1,375271,Rishon_LeTsiyon,phillipgibson@gmail.com,3dLcIuEz!P,1
407,Amanda Ramirez,1984-10-23,38,1,1,213138,Petah_Tikva,justin83@hotmail.com,@vJ%qFk^21,1
408,Judy Trevino,1990-04-02,32,1,1,339292,Tel_Aviv_Yaffo,sandramcintosh@yahoo.com,8o6MDEzD*!,1
409,Janet Avila,1969-09-28,53,2,1,431860,Tel_Aviv_Yaffo,hollywalker@yahoo.com,Nu8J@SQk*U,1
410,Ryan Rodriguez,1988-01-08,34,1,1,381305,Tel_Aviv_Yaffo,johnsoncarmen@stuart-lambert.com,vvo8H5t6^I,1
411,Scott Figueroa MD,1980-04-08,42,1,1,366922,Rishon_LeTsiyon,ljenkins@li-cook.com,)5RbzxseOx,1
412,Rodney Christian,1987-02-28,35,2,1,340090,Tel_Aviv_Yaffo,donaldnelson@wong.com,$S5YeWTm^N,1
413,Lisa Martin,1976-07-15,46,2,1,387271,Petah_Tikva,reidlaura@hotmail.com,%yKCcjvdV9,1
414,Ryan Mason,1993-04-02,29,2,1,434376,Rishon_LeTsiyon,pcruz@hotmail.com,G52SRrnz*+,1
415,Jenna Navarro,1996-04-05,26,0,1,469884,Rishon_LeTsiyon,umorris@hayes.info,!Xcfxg&cL4,1
416,Cory Carpenter,1975-12-07,47,3,1,370290,Rishon_LeTsiyon,jacob64@gmail.com,z6@HWDd$$+,1
417,Bradley Bender,1991-08-23,31,1,1,448264,Petah_Tikva,josephfowler@gmail.com,g)o2oFUy*p,1
418,Randall Wagner,1962-04-07,60,1,1,246158,Petah_Tikva,kathleenrobinson@morris.com,13H2MjJVQ@,1
419,Catherine Ryan,1970-05-01,52,3,1,301909,Tel_Aviv_Yaffo,schandler@yahoo.com,@f*rj0Eltn,1
420,Brent Johnson,1963-12-22,59,2,1,225458,Tel_Aviv_Yaffo,carterjames@manning-preston.org,^0pSAwdu+B,1
421,Christopher Ayers,1966-10-19,56,1,1,318148,Ramat_HaSharon,smithryan@hotmail.com,)z%3MIbhV#,1
422,Allison Carroll,1982-11-19,40,1,1,295106,Tel_Aviv_Yaffo,tgarcia@hotmail.com,&1rNWrw96g,1
423,Charles Gray,1989-09-27,33,2,1,287134,Tel_Aviv_Yaffo,dtaylor@powell-young.com,b2NnmDwW%s,1
424,Deanna Pearson,1992-07-25,30,2,0,360877,Tel_Aviv_Yaffo,bmurphy@hotmail.com,!dsS6zuoZ7,1
425,Loretta Price,1993-07-27,29,0,0,242873,Petah_Tikva,henrymcbride@hotmail.com,WL9(QTVo+u,1
426,Tanya Neal,1990-02-08,32,1,1,386364,Tel_Aviv_Yaffo,wjackson@hotmail.com,@lZ*LFwi1h,1
427,Ricky Nichols,1993-08-07,29,2,1,241302,Petah_Tikva,loretta54@yahoo.com,P1XDVB(d&8,1
428,Angela Garcia,1974-05-04,48,2,0,419283,Tel_Aviv_Yaffo,lparsons@brown-decker.com,p*OyF+hL&5,1
429,Bradley Howard,1991-01-21,31,1,1,267857,Rishon_LeTsiyon,jessicawarren@hotmail.com,*^4TQqZyY(,0
430,Chloe Davis,1989-11-19,33,2,1,288682,Tel_Aviv_Yaffo,sarah07@hotmail.com,q2KtnH2a+x,1
431,Kyle Owens,1979-09-19,43,1,1,244758,Tel_Aviv_Yaffo,efranklin@morales-flores.com,^7KLCz3AGW,1
432,Ashley Nelson,1988-02-21,34,2,1,406558,Tel_Aviv_Yaffo,markwilliams@castillo.biz,+2ZV&H9@yy,1
433,Christopher Moses,1993-11-11,29,2,1,406483,Tel_Aviv_Yaffo,jennypatel@hotmail.com,C65CD2sc$G,1
434,Holly Jensen,1971-05-01,51,3,1,224089,Petah_Tikva,maureenwagner@watson.com,BH$WxzHL$3,1
435,Amy Hines,1998-12-15,24,1,1,296238,Petah_Tikva,nellis@yahoo.com,&3lQOApM&8,1
436,Mr. Thomas Baxter,1965-05-02,57,5,1,400329,Tel_Aviv_Yaffo,valdezlisa@garcia-brown.net,cf^69xQd)p,1
437,Sandra Williams,1986-04-02,36,1,1,442336,Petah_Tikva,marciaowen@hotmail.com,6*sS33ltPI,1
438,Benjamin Patrick,1968-11-19,54,4,1,355428,Tel_Aviv_Yaffo,christopherjones@gmail.com,5T^zh6Wuiz,1
439,Erica Miller,1970-12-01,52,3,1,421105,Tel_Aviv_Yaffo,harrissarah@gmail.com,%dhWsOzt76,1
440,Jill Frazier,1987-06-05,35,1,1,282927,Tel_Aviv_Yaffo,cortezmichael@hotmail.com,J$6LvRgQz$,1
441,Robert Boyle,1997-04-02,25,0,1,343596,Rishon_LeTsiyon,sferrell@rasmussen.com,(y0nScVB#e,1
442,Joel Rice,1960-03-16,62,0,1,370896,Ramat_Gan,nicolehuff@west-thompson.biz,%t$S$AEvm2,1
443,Edward Evans,1998-06-28,24,0,1,309681,Petah_Tikva,susan30@davis.com,nf5SMuQR@d,1
444,Karen Aguilar,1980-12-13,42,1,1,463725,Tel_Aviv_Yaffo,hmeyer@adams-huffman.com,)%kZZD3dn8,1
445,Jacob Riley,1964-04-20,58,1,1,263500,Ramat_Gan,hornebenjamin@gmail.com,@WBioFd3#7,0
446,Monique Myers,1992-06-09,30,2,1,241360,Tel_Aviv_Yaffo,paul84@adams-vasquez.com,iH4Rp@#M*F,1
447,Matthew Gonzales,1994-10-24,28,3,1,377040,Petah_Tikva,patricia39@yahoo.com,&q7FdzXGwX,1
448,Douglas Porter,1964-08-30,58,3,1,283485,Tel_Aviv_Yaffo,david84@kelly.com,tCUbBswk(9,1
449,Ronald Jefferson,1963-03-01,59,4,1,418014,Tel_Aviv_Yaffo,dharvey@huynh.info,57LWZ+zf%X,1
450,Emily Gibson,1997-03-05,25,0,1,463809,Ramat_Gan,mcculloughlauren@glenn-martin.org,Y_*4Q4Wlbf,1
451,Robert Perkins,1997-09-22,25,0,0,350250,Ramat_HaSharon,bryannicholas@gmail.com,(avv04IY!$,1
452,Andrew Yates,1993-02-26,29,2,0,355449,Tel_Aviv_Yaffo,amandajimenez@long-hubbard.biz,#0rXschCA&,1
453,Yolanda Jones,1971-04-09,51,3,1,453912,Ramat_HaSharon,nzamora@stewart-payne.info,@hM9UMj!_2,1
454,Joseph Wells,1993-04-21,29,3,1,400969,Petah_Tikva,gibsonsheri@gmail.com,m3GFAfsJ!e,1
455,Paul Hoover,1983-04-14,39,0,1,271851,Ramat_Gan,ashleyreynolds@hotmail.com,&2D_+hDA)3,1
456,Gina Contreras,1975-12-01,47,1,1,392645,Tel_Aviv_Yaffo,nwebb@yahoo.com,+9KUgmhk(5,1
457,Richard James,1964-05-21,58,3,1,219556,Petah_Tikva,stevenfernandez@yahoo.com,LB0fCXid!Y,1
458,Colin Cobb,1966-03-10,56,3,1,461988,Tel_Aviv_Yaffo,luke41@wallace.com,BDfNhqer(3,1
459,Vincent Cortez,1993-02-25,29,2,1,225420,Tel_Aviv_Yaffo,kgarrison@johnson-woods.info,j8n%Nq26+7,1
460,Erica Rivers,1979-06-15,43,2,1,307828,Tel_Aviv_Yaffo,howeholly@good-hawkins.com,L0rF8rDyT!,1
461,Elizabeth Rogers,1997-03-23,25,0,1,353407,Ramat_Gan,carolyn02@butler.com,Oc_M64AcB^,1
462,Mark Morales,1965-10-14,57,3,1,254677,Ramat_HaSharon,mooreryan@yahoo.com,Hqi5N)gGh^,1
463,Jacob Smith,1965-10-17,57,1,1,265790,Rishon_LeTsiyon,arellanokenneth@martin.org,@zV+Ma5h4V,1
464,Brenda Kirby,1998-03-01,24,0,1,375209,Tel_Aviv_Yaffo,harrisonlucas@dodson.com,B3sIaBho&i,1
465,Emily Gonzales,1983-09-04,39,4,1,274665,Tel_Aviv_Yaffo,ncarr@ward.org,c*0k#J%jyX,1
466,Mrs. Jessica Roberts,1972-11-15,50,2,1,388003,Petah_Tikva,vhopkins@dennis-kim.com,n3aYZuHc#U,1
467,Timothy James,1999-02-17,23,0,1,254964,Tel_Aviv_Yaffo,jamescrawford@yahoo.com,@#C$0tKQW9,0
468,James Manning,1964-08-27,58,2,1,455594,Tel_Aviv_Yaffo,shannon99@wyatt.com,VFIe1yvX%@,1
469,Jeanette Miller,1988-10-18,34,3,1,377401,Ramat_Gan,xmendoza@bowers.biz,5pTHmz5o_d,1
470,Evan Smith,1992-08-04,30,2,1,348811,Petah_Tikva,wattsmichael@le.com,PfI&8Wae9_,1
471,Emily Holloway,1977-08-20,45,1,1,449112,Tel_Aviv_Yaffo,stephen31@gmail.com,Tf%l9Vav_i,1
472,Patrick Newton,1983-02-19,39,4,1,244755,Tel_Aviv_Yaffo,burgesskeith@hotmail.com,e9Mz7K3x^0,1
473,Jennifer Hernandez,1984-12-05,38,1,1,367320,Tel_Aviv_Yaffo,rebecca16@hernandez.biz,_y9%pKIqdm,1
474,Patty Cole,1964-05-30,58,1,1,294158,Tel_Aviv_Yaffo,rcarlson@gonzalez-horton.com,*c3RqQue!L,1
475,Kirsten Chung,1997-02-10,25,0,1,248619,Tel_Aviv_Yaffo,jacob98@frey-gonzales.net,!pP)BzRO_0,1
476,Catherine Potts,1984-06-03,38,3,1,357382,Rishon_LeTsiyon,jillgonzalez@hotmail.com,qd9wKul7G^,1
477,Diane Clark,1983-03-12,39,1,1,304409,Ramat_HaSharon,michael38@price.net,%RlGCaqo0M,1
478,Willie Smith,1968-01-15,54,3,1,389976,Herzliya,rserrano@gmail.com,6UHx8wJG)C,1
479,William Holland,1998-01-19,24,0,1,459342,Rishon_LeTsiyon,nicolegarrett@hotmail.com,#!15SCfOT3,0
480,John Spencer,1980-11-10,42,4,1,308066,Tel_Aviv_Yaffo,rkaiser@hotmail.com,Y507O#4z%8,1
481,Leslie Gonzalez,1971-11-18,51,2,1,309523,Tel_Aviv_Yaffo,jon17@hotmail.com,)#qu7NauaQ,1
482,Theresa Brown,1964-03-31,58,1,1,386215,Rishon_LeTsiyon,destinyrichardson@hotmail.com,_1C!fNyY!e,1
483,Nicole Schwartz,1999-07-19,23,0,1,265040,Rishon_LeTsiyon,bryantlisa@yahoo.com,(p+0vVX&n),0
484,Kayla Clark,1967-05-27,55,2,1,360221,Tel_Aviv_Yaffo,fschmidt@gmail.com,!e13&Cgfd$,0
485,Emma Gutierrez,1990-09-11,32,1,1,267484,Rishon_LeTsiyon,stephensbryce@yahoo.com,Frkr0Wac6*,1
486,Aaron Blackwell,1964-11-02,58,1,1,234560,Tel_Aviv_Yaffo,soliswendy@hotmail.com,&TMTxd750H,1
487,Heather Rodriguez,1969-06-29,53,2,1,338137,Ramat_Gan,pam33@gmail.com,UB43XQcMK$,1
488,Megan Wright,1987-03-23,35,2,0,296451,Tel_Aviv_Yaffo,shelbymelendez@martin.net,4@49ReMlov,1
489,Richard Herrera,1973-01-27,49,1,1,323234,Petah_Tikva,sheri93@yahoo.com,6HFh5JPy$f,1
490,Keith Garcia,1973-10-20,49,2,1,223397,Petah_Tikva,susanrodgers@harris.com,i5OMO0Is#Z,1
491,Leah Butler,1996-12-22,26,0,1,299777,Rishon_LeTsiyon,rachelbonilla@love-hunter.com,+CBI0wKpm@,1
492,Nicholas Scott,1993-06-06,29,0,1,287115,Ramat_HaSharon,nathangonzalez@hoffman.net,S_3VuAOsWx,1
493,Courtney White,1994-02-14,28,0,1,467401,Petah_Tikva,julie90@hotmail.com,J2375eSe#e,1
494,Connie Lopez,1973-12-31,49,3,1,350417,Petah_Tikva,hartmanstacey@yahoo.com,hsD6C2qb5@,1
495,Joseph Miller,1979-12-01,43,1,1,414644,Petah_Tikva,caldwellchristopher@hotmail.com,W7P@N@sp&7,1
496,Matthew Powers,1975-02-03,47,2,1,214538,Tel_Aviv_Yaffo,zanderson@kelly.com,+4B*bYi)Fq,1
497,Melissa Brooks,1965-10-01,57,0,1,273523,Ramat_Gan,imurphy@reynolds-mendoza.net,zN6O$Bd5#2,1
498,Jose Scott,1966-05-31,56,5,1,277942,Tel_Aviv_Yaffo,chris42@palmer.com,^vjPXFHzQ5,1
499,Samantha Smith,1964-11-17,58,2,1,423804,Tel_Aviv_Yaffo,johnjohnson@reyes-salazar.com,(f2ERvO+8R,1
500,Tiffany Garcia,1983-03-29,39,1,1,366349,Tel_Aviv_Yaffo,sandracook@yahoo.com,(#UGC^eid6,1
501,Steven Black,1979-03-02,43,3,1,270204,Tel_Aviv_Yaffo,brandy56@gmail.com,#u66D6ptf3,1
502,Brian Morris,1965-02-17,57,2,1,286450,Herzliya,gwendolyn26@schroeder.info,g)QO3QyfzC,1
503,Christopher Clark,1972-03-09,50,0,1,433010,Tel_Aviv_Yaffo,christensenashley@espinoza.com,u%Z7glHj6L,1
504,Micheal Tyler,1961-07-31,61,4,1,344991,Rishon_LeTsiyon,vtorres@sellers.com,%2ITaDQe6f,0
505,Marvin Lane,1983-01-22,39,3,0,394504,Tel_Aviv_Yaffo,johnolson@bell.com,%4+BMymv29,1
506,Adam Jordan,1991-01-20,31,1,1,354808,Ramat_Gan,heather49@gmail.com,!Zu3Tykj$l,1
507,Jasmine Roberts,1988-10-14,34,0,1,243755,Petah_Tikva,ymitchell@gmail.com,5wXaJGe+$P,1
508,Isaac Hunt,1975-09-16,47,3,1,325438,Petah_Tikva,abigailthompson@yahoo.com,H@67YzQbBn,1
509,Dawn Warren,1970-05-23,52,1,0,429828,Petah_Tikva,margaret68@bennett.com,!2H)_nD34c,1
510,Shari Miller,1978-06-27,44,1,1,440240,Tel_Aviv_Yaffo,crystal61@hotmail.com,%h8PKZit&v,1
511,David Taylor,1966-05-11,56,1,1,435483,Tel_Aviv_Yaffo,shunter@yahoo.com,f9AQKcII^q,1
512,Ashley Jimenez,1979-09-05,43,1,1,393322,Tel_Aviv_Yaffo,zbrooks@valenzuela-jones.com,Eq!L^i!f&6,0
513,Dr. Charles Jackson,1992-01-27,30,1,1,300438,Petah_Tikva,katherine87@vincent-jackson.com,_o)uGW_b1H,1
514,Michael Rice,1963-09-14,59,2,1,367297,Petah_Tikva,chad11@hotmail.com,J7n_SgYd@l,1
515,Madison May,1982-03-19,40,1,1,261230,Ramat_Gan,jonathan32@dalton-simpson.org,#@VDl1B(6m,1
516,Thomas Kent,1985-09-14,37,2,1,223706,Tel_Aviv_Yaffo,ugonzales@jones.com,82MYKW7&!c,1
517,Mrs. Jordan Tucker,1977-02-14,45,2,1,278546,Tel_Aviv_Yaffo,seanewing@hotmail.com,tE59#i5ul#,1
518,Nicholas Adams,1963-02-13,59,3,1,355880,Petah_Tikva,lconrad@gmail.com,szOUgm%l@8,1
519,Sheila Brady,1996-04-04,26,1,1,284125,Tel_Aviv_Yaffo,eshea@nelson.com,@0D^U((%iy,1
520,Christy Smith,1989-03-07,33,0,1,224216,Rishon_LeTsiyon,darrenmartinez@chapman.com,Vo3iG5Vp)@,1
521,Matthew Castro,1981-10-02,41,2,1,257114,Tel_Aviv_Yaffo,susanramsey@adams-acosta.biz,!gCKS*nc65,1
522,Jasmine Thomas,1987-11-16,35,0,1,417344,Petah_Tikva,natalie83@crawford.net,pYZg3T6pu*,1
523,Dillon Charles,1992-09-27,30,1,1,313795,Tel_Aviv_Yaffo,wyatttimothy@gmail.com,(FsIX&lm2w,1
524,Natalie Rogers,1994-10-05,28,1,1,446801,Ramat_Gan,scottamber@cox.com,X24GVtruT&,1
525,Brian Jones,1969-08-16,53,1,1,228362,Tel_Aviv_Yaffo,valerie20@hotmail.com,$c%+Has7U4,1
526,Margaret Lowe,1975-03-30,47,2,1,440961,Tel_Aviv_Yaffo,tburton@hotmail.com,h)9amtGf@z,1
527,Kristin Campbell,1975-04-03,47,3,1,281299,Rishon_LeTsiyon,sophiasmith@yahoo.com,)mHfhObG0e,1
528,Charles Cabrera,1978-02-16,44,2,1,363224,Petah_Tikva,greercharles@taylor.com,*d0YtdSemw,1
529,William Martinez,1963-06-09,59,2,0,416082,Tel_Aviv_Yaffo,kking@yahoo.com,@mePRHWa9c,1
530,Sandra Rivera,1996-09-16,26,0,1,452231,Ramat_Gan,david86@adams-davis.com,*feHJ0iSk6,1
531,Melissa Larson,1968-01-10,54,2,1,314997,Tel_Aviv_Yaffo,kochjoseph@gmail.com,n@0%QnV6mQ,1
532,Brian Brown,1998-05-12,24,1,1,440509,Petah_Tikva,vegajohn@gmail.com,bM0BfFMov^,1
533,Leslie Murphy,1965-02-13,57,3,1,376113,Tel_Aviv_Yaffo,aaronadams@gmail.com,#HvIRCy!(7,1
534,Tiffany Lyons,1975-09-07,47,2,0,228441,Tel_Aviv_Yaffo,johntaylor@morris.com,&%9V^5mre2,1
535,Robert James,1962-05-14,60,3,1,239165,Petah_Tikva,ithomas@hotmail.com,+QpCJv8&K8,1
536,Alexis Mccarthy,1999-11-15,23,0,1,242296,Rishon_LeTsiyon,martin99@gmail.com,LsLpEj&x*9,1
537,Bianca Hinton,1989-02-01,33,1,1,429710,Rishon_LeTsiyon,johnsoncassidy@gmail.com,_61JIq!xZE,1
538,Daniel Conway,1992-05-05,30,3,1,398119,Tel_Aviv_Yaffo,flewis@gmail.com,)0(Ikt)DBj,1
539,Marcus Adams,1971-11-08,51,2,1,344622,Ramat_Gan,davisraymond@meyer.com,&gU+yeZa89,1
540,Justin Garrett,1963-12-10,59,4,1,281974,Ramat_HaSharon,andrew72@gmail.com,I9DNMU&t_E,0
541,Aaron Davidson,1969-09-15,53,1,1,353301,Tel_Aviv_Yaffo,jennifer42@bates.com,P9)Rv@e3%x,1
542,Andrea Dunn,1988-11-25,34,2,1,449082,Tel_Aviv_Yaffo,eric66@gmail.com,yS(0L2gU(_,1
543,Andrew Rodriguez,1983-08-15,39,2,1,368427,Tel_Aviv_Yaffo,nicholsonlauren@hotmail.com,DIS8%Wn9&0,1
544,Joshua Fox,1965-06-25,57,2,1,442954,Tel_Aviv_Yaffo,chankimberly@yahoo.com,!9C5JXGg)8,1
545,Jeffery Johnson,1992-03-14,30,1,0,453899,Herzliya,thompsonmark@gmail.com,(9gCTw^y_X,0
546,Alexandra Smith,1985-01-20,37,1,1,447312,Tel_Aviv_Yaffo,peggybeard@gmail.com,@(62WFlF#N,1
547,David Maddox,1971-02-13,51,3,1,295288,Ramat_Gan,fherrera@green.com,Cd06Lbsb*(,1
548,Jeanne Sloan,1992-01-20,30,1,1,340936,Tel_Aviv_Yaffo,nortonstephanie@clark.com,)Rb@4Ucgk!,1
549,Michael Trujillo,1968-10-11,54,3,1,352095,Tel_Aviv_Yaffo,wesleymorris@anderson.com,@&fJ8WMdcJ,1
550,Kevin Lee,1970-11-03,52,1,1,217409,Ramat_Gan,gjackson@knox-smith.biz,&aCWOa717S,1
551,Jeffrey Clark,1963-02-06,59,4,1,334477,Petah_Tikva,michaelbryant@pope-lee.info,62DMeLaY(4,1
552,Jasmine Garcia,1973-02-05,49,1,1,305936,Tel_Aviv_Yaffo,coreysutton@hotmail.com,%6HGgDnE_a,0
553,Alicia May,1989-01-07,33,1,0,282921,Tel_Aviv_Yaffo,villanuevastacey@yahoo.com,&2*FOZxgrQ,1
554,Lawrence Valdez,1999-02-12,23,1,1,270818,Tel_Aviv_Yaffo,david14@mcdaniel-cox.com,e1aFLJyZ#q,1
555,Joyce Hobbs,1967-11-17,55,4,1,367479,Tel_Aviv_Yaffo,dclements@taylor-evans.biz,G+!Y6T$fXd,1
556,Richard Smith,1984-08-27,38,1,1,257474,Tel_Aviv_Yaffo,christinebradley@harding-hernandez.com,5VdVtrrZ_(,1
557,Meagan Perez,1965-12-01,57,1,1,348375,Tel_Aviv_Yaffo,roberttaylor@gmail.com,Hic_G9WgL1,1
558,Daniel Johnson,1991-05-12,31,3,1,373951,Tel_Aviv_Yaffo,longmichelle@reeves.info,dMAHd+A!#5,1
559,Jim Atkinson,1983-12-25,39,3,1,360831,Tel_Aviv_Yaffo,corey13@howe-gregory.com,Rz$3dXiWCn,1
560,William Valenzuela,1977-11-11,45,3,1,340854,Tel_Aviv_Yaffo,sarahgonzales@yahoo.com,k_J1Ocje*8,1
561,Dr. Anthony Lee,1987-12-06,35,3,1,437635,Tel_Aviv_Yaffo,psantos@griffin-banks.info,_h3MPxVrsK,1
562,Patricia Jimenez,1967-05-07,55,1,1,290211,Tel_Aviv_Yaffo,michelle33@yahoo.com,XWqQ1Rwy*F,1
563,Kimberly Hill,1996-12-02,26,1,1,466400,Petah_Tikva,stacey25@gmail.com,K*1ruoMvIw,0
564,Megan Santos,1961-01-08,61,1,1,229251,Herzliya,qstafford@mcdaniel.net,^dJxgtZxy5,1
565,Sandra Cohen,1994-01-22,28,2,1,343842,Ramat_HaSharon,vsimpson@malone.biz,UbmH2E5n#D,1
566,Courtney Henderson,1977-07-02,45,4,0,402787,Tel_Aviv_Yaffo,kristine20@gardner-jordan.org,j)7GPoW^*D,1
567,Timothy Coleman,1998-11-18,24,0,1,407166,Ramat_Gan,porterspencer@hayes.biz,bS*R!qdg@9,1
568,Tammy Adams,1977-09-19,45,2,1,442650,Tel_Aviv_Yaffo,cbyrd@hotmail.com,(XtFvSf_3f,1
569,Anne Clarke,1997-09-09,25,0,1,437042,Herzliya,christopher28@nicholson.biz,_9Zm_oqv&K,1
570,Scott Bolton,1973-12-12,49,2,1,213473,Rishon_LeTsiyon,hartmancrystal@white.info,Q_9g*Yhr4G,1
571,Travis Alexander,1986-06-04,36,3,0,356869,Herzliya,jay10@parker.info,3&o8oXfmyj,1
572,Jeffrey Lawrence,1978-02-07,44,5,1,440569,Tel_Aviv_Yaffo,joseph71@yahoo.com,XW(Z4l&l!6,1
573,Kristen Riddle,1998-12-19,24,0,0,237487,Ramat_HaSharon,davidfranklin@yahoo.com,%(0C(LhW#A,1
574,Steven Cook,1993-04-13,29,1,1,260825,Petah_Tikva,zrhodes@crawford.org,Z@N2*9ZLnr,1
575,Jennifer Moody,1985-09-05,37,2,1,298352,Tel_Aviv_Yaffo,ebonybrady@hotmail.com,*5iHs3Y9*A,1
576,Carlos Lambert,1993-12-02,29,1,1,468908,Tel_Aviv_Yaffo,deanna93@hill.org,e5gCMzQj_0,1
577,James Powell,1964-04-17,58,3,1,379329,Rishon_LeTsiyon,michaela23@gmail.com,i6IZS#@G)w,1
578,Erin Brown,1963-08-13,59,1,1,436956,Rishon_LeTsiyon,oliverstacy@young-holland.biz,+g6neWbEh1,1
579,Terrance Oconnor,1979-07-23,43,2,1,450825,Ramat_HaSharon,morrisevelyn@yahoo.com,*YwMNSi5V3,1
580,Melanie Dickerson,1970-12-01,52,0,1,300550,Tel_Aviv_Yaffo,portiz@perry.com,Yr37mXux@9,1
581,James Payne,1966-04-30,56,2,1,451244,Tel_Aviv_Yaffo,rothandrea@dean.info,j%%_q3UeSN,1
582,Dominic Khan,1993-06-15,29,3,1,421097,Petah_Tikva,pchung@yahoo.com,d&J2mJkwo2,1
583,Micheal Alexander,1981-11-16,41,2,1,428992,Tel_Aviv_Yaffo,wsmith@yahoo.com,3(WY8GtO$m,1
584,Alexander Mccullough,1986-05-21,36,3,0,379955,Petah_Tikva,danieljohnson@yahoo.com,tK!4iMfG4U,1
585,Jennifer Vaughan,1962-11-17,60,1,1,345399,Tel_Aviv_Yaffo,hbell@morales.com,2^52RRHu$M,0
586,Manuel Ware,1987-11-11,35,1,1,261479,Petah_Tikva,tellison@gmail.com,u6kMeDku*J,1
587,Erica Payne,1968-10-20,54,2,1,302718,Petah_Tikva,sara14@hotmail.com,yt&2YmhD!f,1
588,Hannah Palmer,1988-04-11,34,1,1,291795,Tel_Aviv_Yaffo,melissafrancis@roberts.com,^17uD4uDHX,1
589,Stephanie Carlson,1974-04-29,48,1,1,280889,Tel_Aviv_Yaffo,guerramichael@meza-arias.net,z^5OtfAl#P,0
590,Mark Morrison,1960-04-10,62,3,1,405469,Tel_Aviv_Yaffo,kimberly22@vazquez-jennings.com,J#8lDnq_nQ,1
591,Diane Johnson,1968-08-30,54,2,1,314031,Tel_Aviv_Yaffo,abigail00@madden.biz,&4JWy_yJUD,1
592,Steve Tapia,1962-01-06,60,2,1,289633,Ramat_Gan,nmayo@gmail.com,(S+9IgtU&F,1
593,David Garcia,1982-02-16,40,3,1,217165,Tel_Aviv_Yaffo,davidrich@harding.info,Q@7VjA+ab!,1
594,Michelle Vang,1994-05-28,28,3,1,374511,Tel_Aviv_Yaffo,jamessantiago@allison.net,QB(z1+)o^1,1
595,Tina Jennings,1974-07-16,48,1,1,454380,Ramat_Gan,watersmaria@yahoo.com,3Z*X3Xkd79,1
596,Lisa Smith,1969-06-08,53,4,1,432432,Rishon_LeTsiyon,hansenmelissa@mckenzie.com,iEk&7OxsEb,1
597,Thomas Simmons,1986-07-20,36,1,1,249443,Petah_Tikva,erika90@hotmail.com,^nR17H$hFr,1
598,Christina Duarte,1965-10-25,57,3,1,247114,Rishon_LeTsiyon,swalton@hotmail.com,x@O6rWx*dS,1
599,Jane Anderson,1987-03-31,35,1,1,410208,Tel_Aviv_Yaffo,anthonyjill@hotmail.com,L7za$Fe^@6,1
600,Heidi Hoover,1990-03-29,32,0,1,449064,Tel_Aviv_Yaffo,taraespinoza@gmail.com,@9QB*aVcCB,1
601,Michael Williams,1983-12-07,39,1,1,376823,Tel_Aviv_Yaffo,sharris@hotmail.com,J1U#TDg6!Z,1
602,Sara Miller,1979-08-08,43,1,1,317687,Petah_Tikva,theresa09@wiggins.com,$t3Jst1YBF,1
603,Jose Graham,1963-11-04,59,1,1,418142,Petah_Tikva,lonnie50@lawrence.com,)H56qHLr3x,1
604,Jonathon Orozco,1989-10-09,33,2,1,458935,Rishon_LeTsiyon,ttorres@green.net,yV&2LBm^%D,1
605,Jennifer Hernandez,1984-12-26,38,4,1,243182,Ramat_Gan,angelalutz@gmail.com,Ma2L0SRFe&,1
606,Amy Fernandez,1970-06-02,52,3,1,417244,Rishon_LeTsiyon,marytaylor@white-sanchez.info,NJ3ftEnpA+,1
607,Karen Davis,1986-07-13,36,1,1,452445,Tel_Aviv_Yaffo,margaret79@taylor.net,K)9JBjt!)&,1
608,Jonathan Prince,1973-06-07,49,2,1,433971,Rishon_LeTsiyon,gonzalezdawn@yahoo.com,^yk93kTr0!,1
609,Jordan Garrett,1965-05-26,57,3,1,459908,Ramat_HaSharon,paigejohnson@boyle.info,!1W%(e(oq6,1
610,Cindy Jacobs,1976-10-03,46,2,1,212765,Rishon_LeTsiyon,emyers@reed.com,r9RGgFen%o,1
611,Kaitlyn Yoder,1983-06-04,39,2,1,307867,Petah_Tikva,jamie81@macias-lee.com,*D0aKDrpsJ,1
612,Kim Foster,1984-02-11,38,0,1,361642,Ramat_Gan,arnoldangela@hernandez.info,9w11!BAn)K,1
613,Donald Morris,1994-05-11,28,0,1,415738,Tel_Aviv_Yaffo,martinezeric@gmail.com,*2xYcvx#eG,1
614,Elizabeth Wilson,1963-05-03,59,1,0,395478,Tel_Aviv_Yaffo,kristen74@hotmail.com,pmy1FjMc#x,1
615,Amanda Brown,1977-11-22,45,4,1,216117,Tel_Aviv_Yaffo,murrayanna@davis.info,+(62MVkv53,1
616,William Thomas,1970-11-23,52,1,1,321309,Tel_Aviv_Yaffo,larry37@pacheco.com,A46sfHmU+j,1
617,Brittany Price,1977-09-04,45,1,1,368776,Rishon_LeTsiyon,debra80@cuevas.com,*2UnpFh1xZ,1
618,Jessica Lewis,1963-09-08,59,3,1,307088,Tel_Aviv_Yaffo,humphreychase@williams-walker.info,R)6DNgGI&k,1
619,Anna Kelly,1962-03-03,60,1,1,227846,Rishon_LeTsiyon,stevenreid@espinoza.com,$902E1BeQx,1
620,Dawn Nelson,1971-02-27,51,2,1,428008,Tel_Aviv_Yaffo,calhounstacy@gmail.com,(%9NAz9asa,1
621,Edward James,1969-12-06,53,3,1,342127,Petah_Tikva,tiffanycowan@gmail.com,@mm7xZEo80,1
622,Billy Arroyo,1986-12-26,36,1,1,247848,Tel_Aviv_Yaffo,bsmith@moore.biz,$kIHylAVP2,1
623,Todd Marshall,1979-03-07,43,4,1,281672,Rishon_LeTsiyon,jordankelly@sanders.com,nF+2Et9JU6,1
624,Nicole Williams,1973-01-09,49,2,1,293029,Herzliya,hholmes@sutton-brewer.com,@2@GF_qiuZ,1
625,Misty Lopez,1963-03-01,59,3,1,312467,Tel_Aviv_Yaffo,gabriellemiller@yahoo.com,Y)Vi8W3dX&,1
626,Jessica Flowers,1977-02-18,45,1,1,451127,Tel_Aviv_Yaffo,cooperashley@melendez.net,T8Ifdb+v+k,1
627,John Martinez,1972-09-21,50,3,1,362214,Tel_Aviv_Yaffo,jenniferwhite@barnes-martinez.biz,*eD!uMrA1K,1
628,Amber Green,1977-09-23,45,3,1,312519,Petah_Tikva,reyesbreanna@hays-martin.org,%7oAcEhvB4,0
629,Dr. Stephanie Frazier,1977-05-24,45,2,1,273492,Rishon_LeTsiyon,itran@irwin.com,qaMz^gSa(8,1
630,Bethany Fischer,1969-03-29,53,2,1,341987,Tel_Aviv_Yaffo,framos@gmail.com,*hHHx^Nq*6,1
631,Kimberly Mckinney,1968-03-31,54,2,1,448219,Rishon_LeTsiyon,vickiebowen@hernandez-anderson.info,IIg(3GKxHl,1
632,Tracy Ball,1968-06-16,54,3,1,333559,Tel_Aviv_Yaffo,asmith@gmail.com,!5+DjhJjP3,1
633,Thomas Aguilar,1970-09-29,52,1,1,446803,Tel_Aviv_Yaffo,jensenleonard@robles.com,4Vf3mpfs#*,1
634,Willie Liu,1975-09-03,47,2,1,334918,Tel_Aviv_Yaffo,michael87@scott.com,*%VLnkwbq0,1
635,Patricia Shepherd,1970-07-03,52,0,0,441229,Ramat_HaSharon,vwilliams@yahoo.com,@R9QdlHZBe,1
636,Robert Waters,1981-09-07,41,1,1,390815,Tel_Aviv_Yaffo,patrickraymond@gmail.com,7I1Gi!tr5$,1
637,Kristy Reed,1984-01-22,38,2,1,242434,Tel_Aviv_Yaffo,shawnadkins@yahoo.com,KY1&A4lo!t,1
638,Michael Gomez,1991-09-22,31,3,1,270571,Petah_Tikva,malonedonald@kirby-wilcox.org,Dy#2Q0$qq&,1
639,Gabriella Wiley,1981-01-30,41,4,1,256169,Ramat_HaSharon,xtravis@gmail.com,!l873lAy*p,1
640,Charles James,1993-09-08,29,2,1,384251,Rishon_LeTsiyon,barbarareyes@branch.info,Lw1JBG5x_f,1
641,Jonathan Patel,1965-01-01,57,2,1,268166,Petah_Tikva,abbottlori@brown.com,z$He5G%w^S,1
642,Melinda Hopkins,1998-06-12,24,1,0,402655,Rishon_LeTsiyon,bakerkimberly@gmail.com,)Ny2&4Zuj&,1
643,Jessica Morrow,1990-06-27,32,0,1,352295,Tel_Aviv_Yaffo,eryan@frank.com,#xw38IVVs#,1
644,Adam Alvarez,1991-06-16,31,1,1,458386,Tel_Aviv_Yaffo,ryanreynolds@yahoo.com,)33XH$Ia8Z,1
645,Jessica Hartman,1984-06-16,38,2,1,423660,Tel_Aviv_Yaffo,daniel85@gmail.com,5bc(0$Jc1I,1
646,Marissa Hendricks,1995-10-27,27,1,1,467924,Tel_Aviv_Yaffo,patricia42@hotmail.com,(@56G#nFgk,1
647,Jason Kaiser,1968-12-06,54,3,1,364588,Ramat_Gan,jennifermatthews@smith.com,#09$&JPuxE,1
648,Shelly Boyd,1990-03-18,32,1,0,261999,Rishon_LeTsiyon,curtistraci@hotmail.com,_*D2RGk+gA,1
649,Deborah Lloyd,1966-05-20,56,2,1,411556,Ramat_Gan,jonesvanessa@yahoo.com,AJ$m8yVrz*,1
650,Taylor King,1973-10-01,49,4,1,267599,Petah_Tikva,hoopermitchell@riley.com,pONwB6TyP#,1
651,Kyle Allen,1999-06-26,23,0,1,297169,Tel_Aviv_Yaffo,dsellers@hotmail.com,(2BhutCnd$,1
652,Brittany Griffin,1983-12-30,39,2,1,460507,Petah_Tikva,ogrant@beasley.com,f(2Hbnz*jq,1
653,Jeffrey Moore,1989-10-31,33,1,1,323155,Tel_Aviv_Yaffo,amartinez@yahoo.com,uX5$vF@o!E,1
654,Bailey Myers,1972-08-30,50,0,1,411004,Tel_Aviv_Yaffo,gabrielgalloway@yahoo.com,A!4Vxft1sR,1
655,Adrian Walker,1978-08-03,44,3,1,216046,Rishon_LeTsiyon,fcross@yahoo.com,#)z&pVPi7Q,1
656,Bernard Fuller MD,1989-10-26,33,3,1,374411,Petah_Tikva,robertbird@davis.com,_7N#$EiL7l,1
657,Jessica Howard,1967-01-09,55,3,0,231670,Rishon_LeTsiyon,morganbryan@torres.org,nI4Dm#Io9(,1
658,Tonya Fry,1975-06-11,47,1,1,342032,Petah_Tikva,elaine83@hotmail.com,Kw2_WhXZY@,1
659,Krista Green,1996-03-09,26,0,1,463783,Tel_Aviv_Yaffo,robertmills@hotmail.com,Bj)2QQdlZp,1
660,Paul West,1969-07-06,53,2,1,348488,Tel_Aviv_Yaffo,fmoran@hotmail.com,E_g9%%Tu!M,1
661,Bryan Yang,1987-04-20,35,1,1,330457,Petah_Tikva,jacob69@shea.info,E55KxxCa&5,1
662,Sheri French,1980-08-23,42,1,1,322677,Tel_Aviv_Yaffo,stacybaker@yahoo.com,D$SM0)Er^u,1
663,Justin Mclaughlin,1982-05-04,40,3,1,281582,Tel_Aviv_Yaffo,irichards@smith.com,^7LcAxRfx7,1
664,Leah Stewart,1999-05-04,23,0,1,362626,Ramat_HaSharon,clinejoshua@case-pratt.org,&rzoV2My$8,1
665,Susan Cabrera,1971-02-19,51,2,1,441883,Ramat_HaSharon,owade@huynh-sandoval.net,XX_3GulD$V,1
666,Terri Robertson,1996-03-23,26,0,0,362910,Petah_Tikva,john54@yahoo.com,%8rfS9z)Rx,1
667,Kristin Robinson,1975-02-17,47,1,1,257746,Tel_Aviv_Yaffo,walshcynthia@conner.com,1v*6Qh*o&f,1
668,Katherine Vargas,1988-11-17,34,3,1,330722,Tel_Aviv_Yaffo,jray@gmail.com,_0WGY5FipD,1
669,Tyler Taylor,1984-09-06,38,2,1,466367,Tel_Aviv_Yaffo,brandon45@walker-ellison.com,+rhNMEqkj0,1
670,Mark Reynolds,1986-05-31,36,3,1,436038,Tel_Aviv_Yaffo,jasmine27@gmail.com,xn7KDZct!^,1
671,Ronnie Solis,1983-03-15,39,2,0,382423,Tel_Aviv_Yaffo,xheath@anderson-brown.com,%B5u+@Vvo^,1
672,Dean Lewis,1978-02-12,44,3,1,433906,Tel_Aviv_Yaffo,jessejones@yahoo.com,*0GuRBIsHC,1
673,Michelle Woods,1992-02-19,30,1,1,252135,Tel_Aviv_Yaffo,brittany68@yahoo.com,f(hW^7QpW),1
674,Thomas Acevedo,1968-05-05,54,3,1,277895,Tel_Aviv_Yaffo,ashleymartinez@yahoo.com,_8T1czOEo9,1
675,Chad Moreno,1968-04-03,54,1,1,245027,Petah_Tikva,monica65@gmail.com,32AfbGBi+T,1
676,Mark Taylor,1974-02-26,48,4,1,341293,Rishon_LeTsiyon,courtneyhart@gmail.com,*83Q+5qa7g,1
677,Lisa Mccoy,1988-10-29,34,3,1,393830,Tel_Aviv_Yaffo,carrolllisa@decker.com,y@9Eyz$yKw,1
678,Jackie Gould,1996-11-05,26,0,0,210173,Tel_Aviv_Yaffo,renee02@johnson-tran.net,98DCnmpH)N,1
679,Melinda Trevino,1987-05-19,35,0,1,370328,Tel_Aviv_Yaffo,baileyoconnor@cruz.com,%y6iOkpI$8,1
680,Jeremy Dunn,1988-07-18,34,3,0,268778,Tel_Aviv_Yaffo,rodriguezmaria@gmail.com,37#(Yk)q$Q,1
681,Steven Ritter,1992-05-07,30,2,1,427514,Ramat_Gan,fischerlisa@matthews.com,@f5BQgUJ4J,1
682,James Ramirez,1962-11-08,60,2,0,292767,Petah_Tikva,brandibarrera@hotmail.com,)5GCZpQeIZ,1
683,Lisa Phillips,1963-09-11,59,1,0,405021,Ramat_Gan,robert26@yahoo.com,^bxZ2atpM3,1
684,Lisa Nichols,1978-09-13,44,3,0,216387,Tel_Aviv_Yaffo,zabbott@hotmail.com,Q^7AYRVi+8,1
685,Kristin Gonzalez,1982-11-06,40,2,1,466178,Tel_Aviv_Yaffo,bcampbell@yahoo.com,_*CAixvm8b,1
686,Susan Hudson,1965-12-25,57,2,1,271423,Tel_Aviv_Yaffo,jacob69@yahoo.com,%9HiQ@Qyw%,1
687,Zachary Williams,1998-01-15,24,0,1,435001,Tel_Aviv_Yaffo,daniel36@mendez.com,_v4LRfwwq_,1
688,Stephanie Hamilton,1975-09-10,47,2,1,291661,Tel_Aviv_Yaffo,clementswendy@yahoo.com,u5Y&n5TU*o,1
689,Timothy White,1992-01-20,30,1,1,272310,Tel_Aviv_Yaffo,kellyryan@gmail.com,oq^bdZLZ#1,0
690,Angela Fisher,1990-10-19,32,2,1,301805,Herzliya,jon75@hotmail.com,(8bIauFDG%,1
691,Matthew Ellison,1981-10-01,41,2,1,252348,Rishon_LeTsiyon,robinsonsamantha@yahoo.com,fPkM0Rv%$$,1
692,Steven Jones,1997-05-24,25,0,1,468357,Tel_Aviv_Yaffo,patrick01@gmail.com,J+8Lu)Dcy7,1
693,Ryan Oneal,1964-03-28,58,1,1,314479,Petah_Tikva,michael59@wang.com,$2IxF^Ro44,1
694,Margaret Conner,1996-04-03,26,0,1,414101,Rishon_LeTsiyon,brandon41@jensen.com,%(I%Gn3Yy8,1
695,Eugene Gallegos,1973-12-08,49,1,1,238562,Tel_Aviv_Yaffo,david18@simpson-wells.com,PMJ3rZu!%7,1
696,Michelle Krause,1988-01-28,34,3,1,327876,Tel_Aviv_Yaffo,washingtonjason@yahoo.com,iS7Fl*msI%,1
697,Brandon Hampton,1987-01-16,35,1,1,362758,Tel_Aviv_Yaffo,valerieponce@hotmail.com,EA*kD0HoEd,1
698,Mrs. Gail Mack,1993-09-01,29,1,1,413713,Rishon_LeTsiyon,sbush@kelley-bailey.com,a(+wCw%#)4,1
699,Miranda Gates,1964-06-08,58,4,1,215408,Rishon_LeTsiyon,juliewilliams@gmail.com,z1m4TWCw(v,1
700,Diana Ellis,1969-05-14,53,1,1,367480,Ramat_Gan,yhayes@gibson-rasmussen.biz,#H2Grv8jq7,1
701,James Roberson,1985-05-04,37,2,1,345380,Petah_Tikva,jake02@day.com,s@U4(Ja++D,1
702,Gabriel Perez,1975-04-08,47,2,1,454966,Petah_Tikva,andersonandres@grimes.com,gUtVlGj#&2,1
703,Eric Marsh,1967-04-17,55,4,1,468297,Ramat_HaSharon,robertsondonna@yahoo.com,7%y03VEPdy,1
704,John Gillespie,1962-08-19,60,1,1,315568,Tel_Aviv_Yaffo,hayneslisa@hotmail.com,7Hq4St5un^,1
705,Loretta Hendricks,1991-02-23,31,2,1,380117,Petah_Tikva,tsummers@gentry-barry.net,6ezL6j60@g,1
706,Daniel Lee,1995-06-16,27,0,1,248504,Tel_Aviv_Yaffo,colemancarolyn@lynch.biz,G&7MrWrFOQ,1
707,Collin Kelley,1968-02-01,54,3,1,371749,Tel_Aviv_Yaffo,nmorgan@yahoo.com,XVm9lSZy^g,1
708,Nicole Ramsey,1991-05-28,31,3,1,260069,Tel_Aviv_Yaffo,umahoney@blair.com,A8BDorXu$L,1
709,Andrea Glenn,1971-09-27,51,3,1,284548,Tel_Aviv_Yaffo,gavinphillips@gomez.biz,*@65$HsuC#,1
710,Daniel Reed,1991-07-22,31,0,1,325849,Tel_Aviv_Yaffo,griffinjesus@yahoo.com,z(jnu3QvT),1
711,Jessica Crane,1971-06-11,51,1,1,324883,Ramat_Gan,joshua94@poole.com,ASo6^5Eo_@,1
712,Diana Harmon,1992-01-22,30,1,1,314330,Ramat_Gan,haleamanda@roman.com,G3aSYOWk!v,1
713,Kevin Moore,1971-05-29,51,3,1,210857,Tel_Aviv_Yaffo,carpenterrebecca@costa-ward.com,Vz3IcPh(Q(,1
714,Vicki Owens,1981-01-11,41,3,1,379834,Tel_Aviv_Yaffo,rachel87@harrison-moore.com,WhYbYnjv+9,1
715,Bryan Sweeney,1964-02-25,58,3,1,297324,Tel_Aviv_Yaffo,clarkcraig@gmail.com,p0_ITJcS&f,1
716,Dwayne Harrington,1962-12-22,60,2,1,214594,Tel_Aviv_Yaffo,dunnjoseph@davis-garner.net,7ENkePdY&%,1
717,Kimberly Johnson,1970-08-28,52,2,1,388036,Ramat_HaSharon,fieldscody@gmail.com,_&4G_6bfk^,1
718,Kevin Daniels,1964-07-01,58,2,1,313084,Petah_Tikva,hwood@lloyd.com,Kn82*QVo&&,1
719,Anna Sanchez,1996-10-21,26,0,1,230736,Ramat_Gan,michellejacobson@hobbs.com,UV0kIhjU3%,1
720,Michelle Greene,1995-06-24,27,0,1,398493,Ramat_Gan,williamsmith@yahoo.com,)KEDShOIs3,1
721,Savannah Smith,1970-09-17,52,1,1,244012,Herzliya,amandaclarke@turner.com,Z(6e8pEj*y,1
722,Craig Gordon,1997-08-07,25,1,1,464255,Tel_Aviv_Yaffo,irodriguez@mcknight.info,^6JlB_Jm7z,1
723,Jonathan Nichols,1984-09-24,38,1,1,259819,Tel_Aviv_Yaffo,whardy@white-chen.info,)KXUUiYb1V,1
724,Jesse Lopez,1962-06-13,60,1,1,386414,Tel_Aviv_Yaffo,kellythomas@hurley.com,+%A8p^Nh@T,1
725,Wesley Barr,1999-11-02,23,0,0,291888,Tel_Aviv_Yaffo,gharris@adams.biz,O(lkK6Fm#Z,1
726,Michelle Fox,1980-04-26,42,1,1,365367,Tel_Aviv_Yaffo,banksjenna@gmail.com,*5WGMZqfHd,1
727,Ryan Hartman,1999-07-21,23,0,1,284161,Rishon_LeTsiyon,amandale@hotmail.com,o0V_1QEjPn,1
728,Regina Taylor,1980-05-30,42,2,1,381022,Petah_Tikva,bakercody@gmail.com,@lIRE1vgE6,1
729,Elizabeth Page,1965-09-19,57,2,1,359842,Tel_Aviv_Yaffo,huynhtheresa@johnson.biz,^Yb2jjsk(9,1
730,Kyle Chase,1975-11-25,47,2,1,277012,Ramat_HaSharon,raymichelle@mclean.biz,6oqY6zlC*y,1
731,Mark Newman,1978-09-24,44,2,1,358441,Herzliya,josephherrera@cherry-lewis.biz,cwxc7U*t#4,1
732,Harry Saunders,1978-05-15,44,3,1,375905,Tel_Aviv_Yaffo,johnsonmaria@yahoo.com,s5xVlgLh$),1
733,Gilbert Johnson,1975-10-14,47,1,1,425496,Petah_Tikva,jcain@taylor.com,^9Ys$tL4bn,1
734,Meghan Gonzales,1994-10-28,28,2,0,396144,Rishon_LeTsiyon,sellersdonald@bishop-boyd.com,(*6r!OOxHY,1
735,Jason Barrett,1970-06-28,52,3,0,371853,Tel_Aviv_Yaffo,jonathonanderson@yahoo.com,@DKoRfx34C,1
736,Teresa Gonzalez,1970-04-11,52,3,1,213407,Tel_Aviv_Yaffo,mjuarez@brown-moran.com,IS^8pXViBc,1
737,Tiffany Stephenson,1966-11-21,56,3,1,225687,Tel_Aviv_Yaffo,mirandabrittany@bush-taylor.net,^2Q9N(wm_H,1
738,Robert Sandoval,1960-03-22,62,2,1,358698,Tel_Aviv_Yaffo,williammorrow@gmail.com,qU!3ojKg4^,1
739,Adam Shaw,1998-04-08,24,0,1,299799,Tel_Aviv_Yaffo,smithcalvin@hotmail.com,78Bs*F5y^8,1
740,William Montgomery,1968-12-22,54,2,1,241797,Tel_Aviv_Yaffo,david11@hoffman.com,i92EQSh+#C,1
741,Anna Smith,1978-11-27,44,2,1,454189,Petah_Tikva,jo27@garcia-baird.info,0V&BzLL7*s,1
742,Kim Moran,1981-03-10,41,2,1,381173,Tel_Aviv_Yaffo,patricia14@dorsey.net,+j_9DEGyLw,1
743,Cassandra Hall,1963-06-05,59,4,1,229970,Tel_Aviv_Yaffo,erin01@thornton-saunders.biz,1hnCshYL$G,1
744,Stephanie Fischer,1973-07-19,49,2,1,293026,Herzliya,ringram@yahoo.com,aC5*Njrk)p,1
745,Vanessa Bradshaw,1966-02-01,56,3,1,337928,Tel_Aviv_Yaffo,warderic@yahoo.com,)lbo6CZz27,1
746,Sarah Lewis,1997-04-26,25,1,1,467050,Tel_Aviv_Yaffo,joseph61@nguyen.com,jzq7PqMx_i,1
747,Mike Romero,1978-09-01,44,3,1,462492,Ramat_HaSharon,xgomez@hotmail.com,(8T5hTqBF2,1
748,Connor Foster,1987-05-05,35,1,1,267682,Petah_Tikva,kgomez@hotmail.com,AF9o0OoCo$,1
749,Patricia Spencer,1993-03-18,29,2,1,232549,Rishon_LeTsiyon,alishafrancis@grant.biz,SW8myrPi_u,1
750,Madeline Lloyd,1966-12-08,56,3,1,392267,Petah_Tikva,fowlerjames@rodriguez.com,2+IUkt^u&%,1
751,Mark Ramsey,1971-04-09,51,2,1,430222,Petah_Tikva,zachary16@hotmail.com,v)6NWkrw!T,1
752,Steven Flores,1972-04-15,50,1,1,316304,Tel_Aviv_Yaffo,maryduncan@yahoo.com,*&C6QP0ed0,1
753,Craig Hernandez,1994-05-04,28,1,1,259389,Petah_Tikva,fullerkaren@prince-green.com,&9lGxRyXxp,1
754,Nicholas Harris,1960-01-23,62,3,1,256295,Tel_Aviv_Yaffo,walkerbarry@yahoo.com,OVjw+A4d_5,1
755,Tammy Hall,1960-01-23,62,2,1,283487,Tel_Aviv_Yaffo,bakerzachary@hotmail.com,!A1U4Q9eA*,1
756,Lisa Smith,1976-09-30,46,3,0,340577,Ramat_HaSharon,marktrujillo@duncan.com,4kZlOEE+!w,1
757,Nicole Rocha,1994-11-18,28,2,1,368504,Tel_Aviv_Yaffo,edwardhill@sanchez.org,%^xjI1Xw6i,1
758,Paul Price,1993-04-16,29,2,1,424765,Ramat_Gan,peggymiller@hotmail.com,TbNWzl7^)2,1
759,Laura Brooks,1989-05-12,33,3,1,366282,Rishon_LeTsiyon,dennishunter@yahoo.com,!&I8&1of)0,1
760,Jason Padilla,1980-10-12,42,2,1,458387,Tel_Aviv_Yaffo,mary51@smith-rodriguez.biz,%$A1Mk_wuF,1
761,John Johnston,1973-06-05,49,1,1,446231,Tel_Aviv_Yaffo,johnclark@khan-turner.com,+w4^IlgY_9,1
762,Stacie Skinner,1990-03-18,32,1,1,252732,Petah_Tikva,tanyazimmerman@rogers.com,Y68PO^5s$9,1
763,Michael Allen,1987-03-24,35,0,1,293847,Tel_Aviv_Yaffo,hilldeborah@williams-higgins.com,+2RwV6jrM&,1
764,Kenneth George,1966-10-28,56,2,1,332711,Tel_Aviv_Yaffo,pjones@richards-watts.com,Amp)5xWrIq,0
765,Jessica Dorsey,1993-01-27,29,2,1,283864,Tel_Aviv_Yaffo,wesleybrown@yahoo.com,kv2BAvO7%u,1
766,Brad Benson,1983-04-27,39,2,0,401280,Ramat_Gan,crawfordmegan@hotmail.com,z#7OROrF^z,0
767,Tammy Knox,1960-03-28,62,2,0,314068,Petah_Tikva,jason26@hodges.com,%DJb+GZuk3,1
768,Christina Juarez,1996-10-25,26,0,1,367393,Tel_Aviv_Yaffo,smithmary@yahoo.com,&ll5GuArTy,1
769,Jill Vincent,1973-10-07,49,2,1,293277,Petah_Tikva,greenbruce@gmail.com,Q&&5YErmul,1
770,Cory Ford,1992-12-01,30,2,1,238811,Ramat_Gan,jamie93@gonzales-harris.net,Df_K3NHt3m,1
771,Adam Rios,1987-03-03,35,2,1,327003,Rishon_LeTsiyon,sburns@arellano-williams.net,)7tASKfuIe,1
772,Logan Santos,1962-07-02,60,1,1,401433,Tel_Aviv_Yaffo,bradley24@hotmail.com,+P6ftWVcXo,1
773,David Ponce,1978-02-12,44,2,1,375296,Rishon_LeTsiyon,halelori@rivas.com,k1T^KxTt&y,1
774,Nicholas Moore,1960-03-11,62,2,0,340010,Tel_Aviv_Yaffo,donald74@hotmail.com,!3BkDxjF1O,1
775,Christopher Duncan,1973-10-10,49,1,1,307433,Tel_Aviv_Yaffo,hendersonmisty@coleman.com,*4yh9Fs#@A,1
776,Shannon Clark,1997-01-06,25,0,1,461582,Tel_Aviv_Yaffo,parkerjeffery@hotmail.com,vB$0Da(p&W,1
777,Elizabeth Ashley,1991-02-18,31,2,1,281446,Tel_Aviv_Yaffo,huertamichele@johnson.com,hLoA*ktu)9,1
778,Cody Wright,1960-10-11,62,1,0,323515,Tel_Aviv_Yaffo,sdavis@gmail.com,a3YYnMjV%^,1
779,Brandon Tucker,1972-04-19,50,3,1,348689,Rishon_LeTsiyon,fjones@hotmail.com,$!Tm+Urmx9,1
780,Jason Miller,1973-08-07,49,1,1,230401,Tel_Aviv_Yaffo,hhardin@gmail.com,b4*Cvocn+!,1
781,Corey Bates,1962-11-08,60,2,1,457693,Tel_Aviv_Yaffo,faguirre@schmidt.com,C%63VSzfKe,1
782,Jose Waters,1988-10-12,34,2,1,415041,Ramat_HaSharon,alynch@mccarty-jackson.com,)d#kP6RqRW,1
783,William Miller,1984-08-13,38,2,1,367613,Tel_Aviv_Yaffo,rcampbell@simpson-webb.com,D$36WUwpK(,1
784,Larry Mcdaniel,1969-10-21,53,3,1,337378,Tel_Aviv_Yaffo,aanderson@buckley.com,&nEMkVjy1u,1
785,Sarah Pratt,1975-05-05,47,3,1,424621,Rishon_LeTsiyon,cmartinez@yahoo.com,qB*11DYy6),1
786,Jenna Strickland,1995-03-14,27,0,1,214048,Tel_Aviv_Yaffo,yblevins@gmail.com,4VEDQ&!w(3,1
787,Jane Gonzalez,1997-07-05,25,0,1,318637,Tel_Aviv_Yaffo,sanchezjulie@rice.net,6By^5YGe2%,1
788,Peter Hudson,1999-10-06,23,1,1,436794,Ramat_Gan,jennifer36@gibson.com,LP%u2Tt+D_,1
789,Jon Hill,1985-09-01,37,2,1,255561,Ramat_Gan,holtmichael@kerr.info,@FTRSXzk4W,1
790,Juan Pollard,1984-01-28,38,2,1,320799,Tel_Aviv_Yaffo,nguyenbradley@white.net,&Z7I3E9hEQ,1
791,John Smith,1991-12-24,31,2,1,214115,Tel_Aviv_Yaffo,olivia27@sanford-shepherd.com,@a44U(&ltS,1
792,Brandi Cook,1998-03-10,24,0,1,224585,Ramat_Gan,amandakim@oliver.com,*k5@oVhvsK,1
793,Benjamin Green,1978-02-21,44,2,0,260068,Rishon_LeTsiyon,jeremiahduncan@yahoo.com,uD0K#CqfK#,1
794,Sandy Green,1983-05-18,39,1,1,231561,Tel_Aviv_Yaffo,craigallison@hotmail.com,DC7DQm+2P(,0
795,Anthony Craig,1974-09-05,48,1,1,235112,Tel_Aviv_Yaffo,bmcneil@gould.net,%1eDSWzyb!,1
796,Rachel Romero,1990-10-07,32,1,1,300651,Tel_Aviv_Yaffo,guysmith@harris.com,o#I&BWA(@1,1
797,Katherine Strickland,1964-12-21,58,4,1,367844,Tel_Aviv_Yaffo,joshua10@hotmail.com,WUAN^h%I^9,1
798,Carol Wallace,1965-09-09,57,5,1,446175,Tel_Aviv_Yaffo,ccastro@hotmail.com,)^iN7Fnkq$,1
799,Ronald Johnson,1983-11-28,39,1,0,324871,Tel_Aviv_Yaffo,amy47@lee.info,_1R05!g)Ce,1
800,Colleen Garcia,1994-04-17,28,1,1,335237,Rishon_LeTsiyon,franklinkimberly@hotmail.com,I$W!3#HpG0,1
801,Michael Francis,1966-07-27,56,2,1,382957,Tel_Aviv_Yaffo,underwoodmichael@roberts-rosales.com,_dO1Lq@t^c,1
802,Maria Wheeler,1991-07-14,31,2,1,339970,Tel_Aviv_Yaffo,annmcbride@torres.com,((85hgCiKM,1
803,Suzanne Mcdaniel,1969-04-02,53,2,1,250655,Petah_Tikva,michelle38@russell.com,3&MPrAAA#q,1
804,Brian Lyons,1989-03-08,33,0,0,408933,Tel_Aviv_Yaffo,jessica75@martinez.com,+hZ3YPf6&7,1
805,Michael Mcintyre,1979-03-23,43,5,0,292755,Rishon_LeTsiyon,gchapman@yahoo.com,+f*vKDxqf4,1
806,Reginald Baker,1986-12-06,36,2,1,261947,Tel_Aviv_Yaffo,youngnatasha@jones-ruiz.com,L9SzGwte$4,1
807,Michael Johnson Jr.,1979-10-03,43,2,1,438300,Rishon_LeTsiyon,laura92@gmail.com,l$MW&K$a(6,1
808,Frederick Burns,1979-08-13,43,3,1,449649,Ramat_HaSharon,briannacraig@church.biz,$xl2cKGfqh,1
809,Sharon Bryant,1972-01-12,50,2,1,259352,Petah_Tikva,brianna61@hotmail.com,@I1r6Ce(Fv,1
810,Carly Cohen,1970-12-31,52,2,1,399012,Tel_Aviv_Yaffo,susan67@gmail.com,ud&ZZBEO#7,1
811,Alexander Rush,1965-05-25,57,1,1,392846,Tel_Aviv_Yaffo,vegaandres@hotmail.com,C%5&nBFEUo,1
812,Deanna Brown,1987-09-03,35,1,0,258431,Tel_Aviv_Yaffo,freyjoshua@yahoo.com,Cl0OXLOu*3,1
813,Christy Turner,1969-10-04,53,2,1,436399,Rishon_LeTsiyon,james15@hotmail.com,*bB)gcsx2U,1
814,Maurice Johnson,1973-10-08,49,2,0,352631,Rishon_LeTsiyon,bonniealvarez@hotmail.com,#56M^%qoqd,1
815,Christopher Williams,1993-05-20,29,1,1,243921,Petah_Tikva,madelinebarrett@hansen-esparza.com,$Hv7fPq(Tm,1
816,Teresa Hobbs,1983-05-09,39,4,1,210446,Ramat_HaSharon,carrillodaniel@porter.info,$j#u5Cafu2,1
817,Paul Wood,1994-10-22,28,2,1,352994,Petah_Tikva,rhill@scott.com,_mMVeVM7*2,1
818,Kenneth Perez,1984-01-07,38,1,1,451698,Tel_Aviv_Yaffo,martinezscott@yahoo.com,pi#5R^tKdd,1
819,Dawn Lambert,1994-06-26,28,1,1,404501,Rishon_LeTsiyon,hosara@gmail.com,p*nN2YijD6,1
820,Edward Black,1964-04-20,58,4,1,366484,Ramat_Gan,bmorales@moreno-carr.info,(kEHgrqyO8,1
821,Barry Franco,1993-09-20,29,3,1,279359,Petah_Tikva,cody99@yahoo.com,eBq6dO+zw_,0
822,Ashley Evans,1991-11-14,31,3,0,360378,Rishon_LeTsiyon,krobles@hotmail.com,N9@pV3r(%O,1
823,Nicole Guzman,1974-11-13,48,2,1,398663,Petah_Tikva,jack40@miller.net,@9Wr8V)3z@,1
824,James Alexander,1970-11-25,52,4,1,259370,Rishon_LeTsiyon,qjackson@keller-case.com,677FbdjD&R,1
825,Breanna Parsons,1973-03-15,49,1,1,302807,Petah_Tikva,michael54@hotmail.com,&D9rp8Sv%&,1
826,Tiffany Hoffman,1967-03-01,55,3,1,261574,Tel_Aviv_Yaffo,mark59@morton.org,ag5%vEqyU%,1
827,Jennifer Valdez,1999-10-11,23,0,1,292573,Ramat_Gan,misty20@hotmail.com,o7wkaVdp#o,1
828,Jonathan Owens,1997-05-09,25,1,1,357446,Tel_Aviv_Yaffo,williegutierrez@walker-stanton.info,v(^3WkwJLR,1
829,Erin Miranda,1992-02-24,30,0,0,255358,Ramat_HaSharon,jonesmary@garza-palmer.org,_6S*PVfO#p,1
830,Debra Thomas,1999-05-14,23,0,0,210567,Tel_Aviv_Yaffo,jay39@gmail.com,f2!tKlGj(u,1
831,Benjamin Mosley,1963-12-19,59,2,1,332382,Tel_Aviv_Yaffo,gkeith@hotmail.com,+ckL7K$m!T,1
832,Trevor Decker,1997-11-19,25,0,1,395612,Tel_Aviv_Yaffo,aliceray@gmail.com,1@^2hCya6z,1
833,Michael Henderson,1994-12-01,28,0,1,270098,Tel_Aviv_Yaffo,phillipsmary@gmail.com,*97jXmeZbo,1
834,Taylor Bowen,1975-08-24,47,2,1,212614,Tel_Aviv_Yaffo,dmills@garcia.com,Y#gC8Yoq#r,1
835,Brian Anthony,1960-07-03,62,2,0,253421,Tel_Aviv_Yaffo,priceyolanda@hotmail.com,@Hd_MjfQ(8,1
836,Emily Morris,1991-08-26,31,1,1,274648,Petah_Tikva,amanda07@hotmail.com,+GPBWzof_1,1
837,Amy Jackson,1991-01-14,31,1,1,281857,Rishon_LeTsiyon,maureen82@yahoo.com,!qA6Eol&8G,1
838,Haley Barry,1987-06-29,35,0,1,434268,Tel_Aviv_Yaffo,aprilgillespie@rosario.com,D&9GFNguhq,1
839,Timothy Rodriguez,1962-08-24,60,2,1,223009,Petah_Tikva,rhondahowe@richardson.biz,r%59LFtaMI,1
840,Kenneth Sandoval,1981-07-23,41,2,1,259042,Petah_Tikva,tatebilly@herring.com,9JiU2hps$X,1
841,Seth Mills,1979-01-23,43,2,1,244522,Tel_Aviv_Yaffo,briggsdavid@nelson.com,7tW47Ian!I,1
842,Jessica Williams,1969-03-07,53,2,1,451479,Rishon_LeTsiyon,smithchristina@espinoza-hughes.com,e1_ZrK3&&J,1
843,Donna Gilbert,1995-09-06,27,0,0,302098,Ramat_HaSharon,rachelconway@dunn.info,D$a#6TFy#&,1
844,Heather Mercer,1995-11-16,27,0,1,432951,Tel_Aviv_Yaffo,bmckee@good.net,6zDG!7MV%A,1
845,Robert Schultz,1985-11-22,37,1,1,273389,Tel_Aviv_Yaffo,aaronchan@church.com,G$0^NKyasn,1
846,Ashley Taylor,1964-05-08,58,2,1,384293,Tel_Aviv_Yaffo,zbrown@hotmail.com,w%3E4yjXi^,1
847,Alexis Cantu,1992-04-22,30,2,1,226465,Ramat_Gan,greenesierra@yahoo.com,+3crCO&t!X,1
848,Ashley Mcdaniel,1982-12-05,40,1,1,381729,Tel_Aviv_Yaffo,rhowell@edwards.com,L+^I8Lmf(L,1
849,Karen Edwards,1981-04-17,41,1,1,230518,Rishon_LeTsiyon,charlottehayes@hotmail.com,15jIwt8z$7,1
850,Sally Houston,1974-03-13,48,3,1,391852,Tel_Aviv_Yaffo,audrey65@li.biz,N&lJ9AIhB_,1
851,April Burgess,1962-08-23,60,1,1,361547,Rishon_LeTsiyon,mwilliams@gmail.com,wHxTliv1(9,1
852,Miguel Lowe,1970-09-21,52,2,1,228840,Tel_Aviv_Yaffo,idavis@gmail.com,DL@7nQEaG),1
853,Tyler Cole,1961-06-21,61,4,0,331444,Petah_Tikva,walshjessica@gmail.com,x8jDx57d*Y,1
854,Mrs. Kim Lucas,1965-07-26,57,2,1,285358,Ramat_Gan,adamjohnson@gmail.com,(#2kFXxj1$,1
855,Douglas Neal,1965-08-21,57,1,1,229312,Petah_Tikva,olawrence@yahoo.com,e@mVv8Q^%9,1
856,Madison Allen,1985-01-17,37,0,1,443878,Tel_Aviv_Yaffo,heather54@padilla-johnson.net,qA5V)jgA#o,1
857,Joseph Schultz,1973-02-23,49,2,1,293518,Petah_Tikva,sbarker@hotmail.com,!F6Mw!vkfz,1
858,Mary Jacobs,1961-09-01,61,4,1,311327,Tel_Aviv_Yaffo,ana93@gmail.com,boIG!(zu%9,1
859,Christopher Kramer,1975-02-27,47,1,1,345090,Rishon_LeTsiyon,tuckerdaniel@chung.com,m17BE$lC^q,1
860,Brandon Delacruz,1983-07-01,39,3,1,414663,Tel_Aviv_Yaffo,wgriffin@rodriguez.com,Mq2Go32gP(,1
861,Cody Lee,1961-10-21,61,1,1,355002,Tel_Aviv_Yaffo,simonnicole@boyd-ramirez.com,eCZS^YpZ+8,1
862,Kenneth Lowe,1993-11-09,29,0,1,440782,Petah_Tikva,ann76@gmail.com,)CMWlhIC3d,1
863,Joshua Rodriguez,1998-11-09,24,0,1,452162,Tel_Aviv_Yaffo,shawn49@yahoo.com,*x46CeFl&@,1
864,Cynthia Chapman,1995-03-22,27,0,1,385361,Petah_Tikva,anthonykenneth@gmail.com,Ph6V1_^^y&,1
865,Brandon Cole,1981-06-28,41,3,1,436714,Ramat_HaSharon,emily81@campbell.biz,X1WGV8Re@s,0
866,Samantha Cummings,1981-08-10,41,2,1,338120,Rishon_LeTsiyon,taylorchristensen@gmail.com,B!7)sUe_ar,1
867,Daniel Fitzpatrick,1974-12-04,48,3,0,218212,Tel_Aviv_Yaffo,gwong@king.net,xaTM1Ar7%1,1
868,Katrina Russell,1968-10-05,54,1,1,259894,Petah_Tikva,frankgomez@gross.biz,Q*0!nN0(#e,0
869,Donna Mcdaniel,1996-09-14,26,0,1,211931,Tel_Aviv_Yaffo,weberjulie@carson-simpson.org,#19j83Iq4c,1
870,Gina Thompson,1993-09-30,29,2,1,303581,Rishon_LeTsiyon,charlesross@hotmail.com,C2lP4J!r!P,1
871,Edwin Acosta,1989-01-28,33,2,1,227822,Petah_Tikva,omacias@yahoo.com,*fNWHxk%Q4,1
872,Melissa Watson,1984-08-03,38,3,1,441854,Tel_Aviv_Yaffo,krobinson@yahoo.com,1_8kDD29Dh,1
873,Mary Smith,1963-06-05,59,2,1,290870,Tel_Aviv_Yaffo,thomasharris@nguyen-brennan.com,o1pQYs02#B,1
874,Sarah Martin,1971-08-03,51,2,0,423029,Ramat_Gan,kevinjohnson@smith.com,Lsu3wWVuF+,1
875,Christopher Wilson,1994-09-11,28,2,1,314272,Tel_Aviv_Yaffo,kimberlywright@hotmail.com,1lDxmbrn@O,1
876,Lisa Garcia,1980-07-14,42,2,1,335749,Tel_Aviv_Yaffo,llevine@ferguson.com,y0&pGB#+_u,1
877,Shawna Moore,1996-01-06,26,0,1,440960,Ramat_Gan,jsolis@hotmail.com,#6V8wYYiqB,1
878,Karen Robinson,1997-11-17,25,0,0,257392,Tel_Aviv_Yaffo,joyjohns@hotmail.com,W2xlBwrs$6,1
879,Roberta Harrell,1987-06-27,35,0,1,371999,Rishon_LeTsiyon,jeffrey58@barker.com,^7dA@a@%^0,1
880,Diane Lee,1973-10-06,49,3,1,298506,Tel_Aviv_Yaffo,kimberlywagner@hotmail.com,t)Z3VNFliB,1
881,James Chavez,1983-02-12,39,2,1,386704,Tel_Aviv_Yaffo,brandi34@yahoo.com,#OL6Lsp$L9,1
882,Collin Diaz,1980-06-03,42,3,1,242317,Ramat_HaSharon,lewisrebecca@gilmore.com,6Q1Uxin8e#,1
883,William Tran,1978-01-21,44,1,0,287003,Tel_Aviv_Yaffo,carolyn48@walter-mcdaniel.org,2nPEhRoD%N,1
884,John Andersen,1997-08-30,25,0,1,420097,Ramat_Gan,meganramirez@davis.com,+KW^YAu74#,0
885,Luis Rodriguez,1985-07-06,37,2,0,468410,Tel_Aviv_Yaffo,ubrown@yahoo.com,+zJcMEvo8+,1
886,Thomas Cook,1994-07-31,28,1,1,420967,Tel_Aviv_Yaffo,bowmanpamela@hotmail.com,puIMXWQv^9,1
887,Melissa Villarreal,1966-12-13,56,3,1,339161,Tel_Aviv_Yaffo,mccarthyalyssa@moran-hall.com,#zH3#Bvbm5,1
888,Amy Sanchez,1987-05-29,35,3,1,392948,Tel_Aviv_Yaffo,valdezmegan@peterson.com,&KT0xlwb#8,1
889,Tracy Warren,1967-03-31,55,2,1,231420,Tel_Aviv_Yaffo,clarkjared@gmail.com,@6F+akg6$v,1
890,Katrina Gomez,1971-11-28,51,3,1,410909,Ramat_Gan,collinsmelissa@yahoo.com,*hXDdIKMo6,1
891,Angela Miller,1994-11-30,28,1,1,231847,Tel_Aviv_Yaffo,farmersteven@nelson-wilson.com,B%I)S2fj$7,1
892,Larry Levy,1964-08-21,58,1,1,449724,Rishon_LeTsiyon,williammyers@calhoun.biz,G5eh3R&b_e,1
893,Ryan Velez,1992-08-16,30,2,1,423255,Rishon_LeTsiyon,perezcynthia@hotmail.com,S@!3ThZk!W,1
894,Carrie Jackson,1962-07-01,60,2,1,349118,Tel_Aviv_Yaffo,uclark@gmail.com,%4GHVyTboN,1
895,Jennifer Melton,1999-10-22,23,0,1,217789,Petah_Tikva,gbrown@yahoo.com,tR1TE!@c_I,1
896,Ryan Nixon,1966-11-09,56,2,1,297187,Petah_Tikva,sullivankaitlin@williams-robles.com,#@_4P1ji#x,1
897,Eric Paul,1986-06-28,36,1,1,269034,Petah_Tikva,patricia12@gmail.com,*#o2*&ExOu,1
898,Jonathan Gardner,1960-04-20,62,2,1,381490,Rishon_LeTsiyon,lwilliams@hotmail.com,&7WyfzzMc3,1
899,Jamie French,1962-07-14,60,3,1,215427,Tel_Aviv_Yaffo,williamsdavid@jones.com,V&R8H8fAk4,1
900,Diana Bowman,1968-12-05,54,2,0,449788,Rishon_LeTsiyon,lisabaker@wilkinson.info,_kESpcOb7_,1
901,Joann Thompson,1966-10-25,56,3,1,383855,Petah_Tikva,stephaniehess@gmail.com,94PiW7uH+D,1
902,Deborah Gardner DDS,1979-03-14,43,4,1,351086,Tel_Aviv_Yaffo,adam90@yahoo.com,#_e66SWpQ5,1
903,Wayne Miller,1969-08-13,53,2,1,306757,Tel_Aviv_Yaffo,garciamichaela@yahoo.com,V1hj#&Zt)i,1
904,Donna Greer,1960-11-25,62,1,0,455445,Petah_Tikva,gspence@lawrence.net,(1Pj3Hjws4,1
905,Christine Sanchez,1966-07-10,56,4,1,237176,Tel_Aviv_Yaffo,grahamkenneth@smith-boyd.net,n$^8ReTL^Q,1
906,Philip Arnold,1998-07-20,24,0,1,261569,Rishon_LeTsiyon,james87@smith-ortiz.info,(4XZx#ra5e,1
907,Anne Willis,1998-06-12,24,0,1,370852,Petah_Tikva,erin96@yahoo.com,btEb4PRvO(,1
908,Brittany Scott,1965-09-29,57,2,1,282085,Petah_Tikva,nealmary@long-carter.biz,$0aSRovrW5,1
909,Jamie Fuller,1975-07-20,47,2,1,314875,Petah_Tikva,whunt@yahoo.com,(0NVVuzsJb,1
910,Lynn Chen,1990-05-10,32,2,1,399306,Tel_Aviv_Yaffo,steve28@ruiz-cox.com,zc33)We$u!,1
911,Lisa Lee,1982-05-12,40,2,1,432928,Rishon_LeTsiyon,tammy54@gmail.com,0nCmmXex(C,1
912,Kimberly Myers,1973-10-05,49,2,1,388230,Rishon_LeTsiyon,anthony96@white-lane.org,PB23ZHNw*^,1
913,James Hanna,1996-03-10,26,0,1,234641,Rishon_LeTsiyon,vargasandrea@gmail.com,7B$GXMYx+O,0
914,Henry Rowland,1981-08-05,41,2,1,234013,Tel_Aviv_Yaffo,cjohns@nelson.org,$62AfI*L+w,1
915,Christian Cunningham,1994-07-21,28,1,1,219758,Petah_Tikva,taylorjoshua@cole.com,JzX9Pbf!*s,1
916,Carrie Pena,1962-01-13,60,2,1,420153,Petah_Tikva,osmith@yahoo.com,N0V5VnwAt(,0
917,Wesley Pineda,1974-03-03,48,2,1,410529,Tel_Aviv_Yaffo,diazjames@roberts.org,_#N1YUcQxr,1
918,Rhonda Davis,1963-11-17,59,0,1,338223,Tel_Aviv_Yaffo,champton@hotmail.com,$0(fwEa@RJ,1
919,Tyler Frederick,1979-08-06,43,2,1,366274,Rishon_LeTsiyon,smiththomas@parrish.net,$_6AwWSlZ5,1
920,Trevor Hancock,1972-01-06,50,2,1,348888,Tel_Aviv_Yaffo,steven96@hernandez.com,#&LCPJqcQ9,1
921,Courtney Cardenas,1976-03-11,46,2,1,351977,Tel_Aviv_Yaffo,oholland@gmail.com,D!4Q&ghrZ),1
922,Aaron Sanchez,1960-06-11,62,1,1,415799,Petah_Tikva,atkinsmelissa@morales-gonzalez.biz,8SHU^siX+t,1
923,Toni Leonard,1986-01-12,36,3,1,217934,Ramat_Gan,leroy81@gmail.com,@CShqAZq2q,1
924,John Thornton,1981-02-24,41,1,1,413389,Tel_Aviv_Yaffo,smeyer@patterson.com,$cvHlozC9p,1
925,Lauren Pitts,1963-04-03,59,2,1,273934,Tel_Aviv_Yaffo,bryantjamie@gmail.com,SDd9pRDhX&,1
926,Timothy Davis,1989-11-08,33,1,1,276598,Tel_Aviv_Yaffo,stephen49@wise-perry.com,@^94PEn65K,1
927,Stephanie Johnson,1977-01-08,45,3,1,457533,Ramat_Gan,ralph79@love-sanchez.com,)+357RpX2Y,1
928,Melanie Mendoza,1976-05-25,46,2,1,322281,Tel_Aviv_Yaffo,diane44@singleton-ross.com,He9^FMfj_o,1
929,Elizabeth Brooks,1972-04-12,50,3,1,423902,Herzliya,xlewis@gonzalez.com,(S5!VCk+Gz,1
930,Michael Owens,1981-09-03,41,3,1,401426,Tel_Aviv_Yaffo,barrettamber@richardson.net,ZH^gUM5i*3,1
931,Julie Owens,1963-12-09,59,2,1,290769,Tel_Aviv_Yaffo,samanthahall@hotmail.com,Vm1wVwzc*!,1
932,Nathaniel Bass,1984-01-03,38,2,1,309029,Rishon_LeTsiyon,markmiller@yahoo.com,Km6%^McnL^,1
933,Courtney Owen,1985-12-25,37,1,1,258747,Ramat_HaSharon,sabrinaharris@pitts.com,#E8^(Jlv#8,1
934,Raymond Bates,1987-07-17,35,0,1,292268,Ramat_Gan,scottwilliams@gmail.com,P_4fDPt*U0,1
935,Christopher Chambers,1993-10-20,29,0,1,408618,Petah_Tikva,haley96@gmail.com,#gJDTw%50v,0
936,Christine Flores,1994-06-11,28,2,1,437352,Tel_Aviv_Yaffo,michael62@williams.com,#mX5uGFi6c,1
937,Shelly Sanchez,1965-04-26,57,1,1,279519,Tel_Aviv_Yaffo,brownwesley@griffin.info,ff!6rcKixk,1
938,Larry Ramsey Jr.,1988-11-26,34,1,0,285773,Tel_Aviv_Yaffo,rmiller@yahoo.com,@R3TxipK#5,1
939,Vicki Peterson,1973-03-28,49,1,1,326921,Petah_Tikva,chelseaneal@huff-hernandez.com,a8qXtMin&a,1
940,Amanda Boyd,1970-04-06,52,3,1,467255,Rishon_LeTsiyon,vanessa58@yahoo.com,$8ZYyDQ4$B,1
941,Wayne Lewis,1996-11-29,26,0,1,230154,Petah_Tikva,gonzalezroberto@hanson-hughes.com,btjB5XJ54&,1
942,Steven Smith,1991-08-24,31,1,1,431794,Tel_Aviv_Yaffo,jeremiah14@oliver-snyder.org,7&j)Xg%h$f,1
943,Jessica Poole,1965-02-06,57,1,1,231269,Ramat_Gan,lauren27@burton.info,R!0QQy2(ZT,1
944,Amanda Coleman,1982-03-29,40,3,1,326793,Herzliya,jennifergarcia@gmail.com,%3J#Yicr23,1
945,Tracey Ramirez,1977-05-22,45,2,1,330035,Petah_Tikva,andrewblake@gmail.com,!BT5UNPgC#,1
946,James Blanchard,1970-01-10,52,2,1,272173,Tel_Aviv_Yaffo,richard09@gmail.com,_91KQUDcJl,1
947,Walter Campbell,1989-11-06,33,2,1,394446,Petah_Tikva,emily88@gordon.net,EH0CE!n_A$,1
948,James Levy,1960-07-13,62,1,1,377017,Tel_Aviv_Yaffo,barbaramartin@day-poole.com,%q4LcukDVp,1
949,Mark Massey,1979-01-24,43,2,1,260835,Ramat_Gan,tony43@smith.com,)yUhNSva9k,1
950,Ronald Roberts,1960-06-20,62,1,1,433238,Tel_Aviv_Yaffo,ellisrebecca@williams.com,C%1QSm!(Vw,1
951,Barbara Whitaker,1997-04-12,25,0,0,415820,Tel_Aviv_Yaffo,cjohnson@campbell.info,r#4OABQOzo,1
952,Sarah Smith,1980-09-14,42,2,1,440872,Ramat_Gan,brownmadison@stephens.com,*3H5MGiB+1,1
953,Tommy Mathews,1972-12-02,50,0,1,224834,Tel_Aviv_Yaffo,rowlanddiana@bennett-townsend.com,FX@R65Hm9y,1
954,Rebecca Hayes,1973-08-29,49,2,1,271120,Ramat_HaSharon,jasmine63@sanders-johnson.com,(*0vVpMcpx,1
955,Colleen Moore,1977-09-11,45,2,1,404096,Tel_Aviv_Yaffo,bobbygreen@rocha-hunter.com,XPT^cnpN)9,1
956,Misty Smith,1965-08-07,57,1,1,278794,Tel_Aviv_Yaffo,osborndawn@yahoo.com,YxE1XWihM+,0
957,Brittany Brown,1983-12-09,39,3,1,247569,Petah_Tikva,thomascarlos@gmail.com,a_0Dc(4H(f,1
958,Craig Suarez,1995-02-02,27,0,1,409484,Petah_Tikva,wthompson@woodward-hahn.net,*50IJeeG!),1
959,Richard Alvarez,1973-06-07,49,4,1,240374,Petah_Tikva,danielle98@hotmail.com,+1I#bwLlKL,1
960,Jonathan Cardenas,1965-09-05,57,2,1,314815,Petah_Tikva,sandra02@gmail.com,^GaQUoXZ$0,1
961,Robert Martinez,1998-10-05,24,0,1,398020,Rishon_LeTsiyon,xcruz@yahoo.com,#4Gj)s%vvm,1
962,Martin Young,1992-03-07,30,2,1,409156,Petah_Tikva,donna93@yahoo.com,t67Yap*U!p,1
963,Jennifer Cooper,1967-10-30,55,4,1,279376,Petah_Tikva,pharrison@yahoo.com,7I1Ra^sZa(,1
964,Maria Best,1969-10-23,53,1,0,283745,Petah_Tikva,donovanvalerie@gmail.com,iRV&8bCbt(,1
965,Todd Jones,1987-02-05,35,1,1,321776,Rishon_LeTsiyon,richard80@yahoo.com,2dT4GTPOW@,1
966,John Thomas,1979-03-04,43,1,1,397939,Tel_Aviv_Yaffo,oorr@gmail.com,h5HyKS+f)4,1
967,John Morris,1972-03-26,50,3,1,374626,Petah_Tikva,reeseanthony@yahoo.com,a1Vd2e#k@C,1
968,Nicholas Smith,1995-07-16,27,0,1,328592,Petah_Tikva,dyoung@gmail.com,_63GAtERGX,1
969,Jamie Browning,1998-03-14,24,0,1,225889,Ramat_HaSharon,lbooth@yahoo.com,aSW(2Fcf5),1
970,Troy Castillo,1960-10-18,62,1,1,299591,Ramat_Gan,fhall@clark.com,@u!v8vGf&R,1
971,Stephanie Savage,1961-08-04,61,2,1,306451,Tel_Aviv_Yaffo,christina08@le.com,y97A^GxVD),1
972,Dr. Isaac Melendez MD,1973-05-28,49,1,1,311269,Tel_Aviv_Yaffo,john22@hotmail.com,hN1y!#x1!$,1
973,Charles Griffin,1976-07-09,46,1,1,240235,Rishon_LeTsiyon,murraymarie@johns.net,RhOpHQk2^0,1
974,Christina Jackson,1999-02-04,23,0,1,367391,Tel_Aviv_Yaffo,hrussell@gmail.com,V@q#s4Vh@8,1
975,Tara Fletcher MD,1977-04-24,45,2,1,213051,Tel_Aviv_Yaffo,justin74@yahoo.com,Ar1!DJhe7@,1
976,Joanne Chavez,1963-11-15,59,1,1,318612,Petah_Tikva,rjones@phillips-jones.com,^V3EUendOb,1
977,Lori Velez,1970-04-23,52,1,1,385187,Ramat_Gan,kathleen32@white.info,uR7ElCV#&*,1
978,Lindsey Roman,1979-07-11,43,3,1,346811,Tel_Aviv_Yaffo,fcarroll@gmail.com,5eOoZOQx&w,1
979,Adrian Lewis,1964-02-16,58,1,1,255212,Tel_Aviv_Yaffo,hcasey@yahoo.com,69M21UFk9_,1
980,Charles Vaughan,1969-02-02,53,3,0,262203,Rishon_LeTsiyon,turnerdeborah@erickson-turner.com,23%*I#0j+h,1
981,Dr. Kelly Hawkins,1985-02-15,37,1,1,315489,Ramat_Gan,thomas04@wright.org,4M5w5Hd&6),1
982,Anna Ochoa,1968-06-21,54,3,1,297013,Tel_Aviv_Yaffo,mary35@gmail.com,$+UlS+)f@3,1
983,Destiny Byrd,1986-05-04,36,2,1,391049,Rishon_LeTsiyon,smiththeodore@santana.com,hz8BKmpS^X,1
984,Amber Lambert,1963-02-05,59,2,1,383318,Ramat_HaSharon,thompsonamy@yahoo.com,%1HyCSiRSX,1
985,Joseph Arnold,1999-08-31,23,0,1,228747,Petah_Tikva,tinamartin@camacho.com,!i8jDhwC4),1
986,Bradley Watson,1987-06-08,35,1,1,285462,Petah_Tikva,aliciabrown@yahoo.com,hfj8OSpbJ#,1
987,Nicole Lee,1960-01-16,62,3,1,347473,Tel_Aviv_Yaffo,gabrielle22@reynolds-douglas.com,A0t&3WbWCl,1
988,Gary Kelley,1965-09-16,57,2,1,342550,Rishon_LeTsiyon,leroyscott@davis-rice.net,A!tn4X@bRa,1
989,Sandra Henry,1965-01-13,57,4,1,295922,Tel_Aviv_Yaffo,bjacobson@davis-henderson.org,#f5OEB8g@(,1
990,Elizabeth Padilla MD,1974-02-09,48,2,1,411611,Ramat_Gan,daniel88@yahoo.com,+7YUM1oS*N,1
991,Gene Stevenson,1992-05-10,30,1,0,323969,Tel_Aviv_Yaffo,xavierevans@campbell-vargas.com,tU5JuMyp_g,1
992,Terry Martinez,1983-11-03,39,1,0,348827,Tel_Aviv_Yaffo,torrescarrie@hotmail.com,g9b8COcj^Y,1
993,Carolyn Riggs,1999-01-26,23,0,0,244393,Tel_Aviv_Yaffo,juliawang@hotmail.com,_9%J1MhOIN,1
994,Shaun Myers,1978-02-12,44,2,1,254634,Tel_Aviv_Yaffo,rickywatson@yahoo.com,0V6L3xv^S(,1
995,Jeff Garcia,1962-07-02,60,0,1,430371,Rishon_LeTsiyon,johnstonashley@hotmail.com,d+283ImwV_,1
996,Jessica Hanson,1999-10-08,23,0,1,432256,Ramat_Gan,ericmacias@burgess-carter.com,P*B7Qu0zj9,1
997,Brandon Fields,1998-05-17,24,0,1,254120,Rishon_LeTsiyon,kellycampbell@yahoo.com,FC1k2Z%m7%,1
998,Tyrone Bowman,1993-07-22,29,1,1,296414,Tel_Aviv_Yaffo,jessica01@hotmail.com,BKi47Wpd$3,0
999,Mary Ramos,1967-02-09,55,2,1,431215,Herzliya,chenry@gmail.com,JUX!9b4tM(,1
